P00000679,CARROLL JERRY LEON,P,C00214999
P00001099,MARCINEK ALOYSIUS R,P,
P00003160,WELLS THOMAS BAXTER,P,C00571224
P00003244,WINTERBOTTOM THOMAS FRANCIS,P,C00549923
P00003392,CLINTON HILLARY RODHAM,P,C00575795
P00003640,LANCE-COUNCIL TEMPERANCE ALESHA,P,C00345082
P00003715,ASHE WARREN RODERICK ,P,C00576843
P00003756,MARTISKO MIKE BENJAMIN,P,
P00003814,MALONE JOAN,P,C00428987
P00003897,WALLACE WILLIAM LEONARD,P,C00577791
P00003962,SCHRINER JOSEPH CHARLES,P,C00385153
P00004135,HANKINS GERALD LAMAR MR,P,C00350058
P00004275,BROWN HARLEY D,P,C00569442
P00004507,EDWARDS JENNY,P,C00356402
P00004580,BOYDSTON J FATHER REV,P,
P00004846,IWACHIW WALTER N,P,C00599423
P00004861,BICKELMEYER MICHAEL,P,C00553206
P20000055,LEE KIP,P,C00484675
P20000089,FELLURE LOWELL JACKSON,P,C00536367
P20000444,WORTHY HOWARD,P,C00584771
P20000550,HOWARD MILDRED (MILLIE),P,C00587162
P20001145,MORASCINI DAVID JOHN,P,C00304014
P20001905,LEE ROBERT,P,C00369942
P20002051,RUNDBERG JIM L,P,C00572446
P20002101,SINGLETON KEITH,P,C00585091
P20002176,NEVEU DEONIA P,P,C00578070
P20002283,WILLIAMS KENT LIONEL,P,C00498428
P20002309,DRAKE PATRICK ANTHONY,P,
P20002440,DENAME MICHAEL JR,P,C00492546
P20002481,RAMOS LUIS ALBERTO JR,P,C00492694
P20002499,DUMMETT JOHN ALBERT JR,P,C00568576
P20002580,CHEHADE PAUL,P,C00494963
P20002630,TITTLE SHEILA "SAMM",P,C00495069
P20002671,JOHNSON GARY,P,C00605568
P20002721,SANTORUM RICHARD J.,P,C00578492
P20002838,HILL CHRISTOPHER V,P,C00567743
P20002861,HUNT EUGENE ROSELL JR,P,C00550061
P20002929,DAY TIM (TEXAS SLIM),P,C00497339
P20002986,POWERS C,P,C00497552
P20003000,DOMAGALA KENNETH M,P,
P20003042,LAX MILLER LORETTA,P,C00499194
P20003141,FERGUSON JOHN GREEN,P,C00498766
P20003158,STAINFIELD TAMI L,P,C00498824
P20003174,SPONHEIM DAVID JON,P,C00499723
P20003216,STAGG SILVIA,P,C00500082
P20003281,PERRY JAMES R (RICK),P,C00500587
P20003372,JUDY CODY ROBERT,P,C00501593
P20003604,STRICKLAND TIMMY WAYNE,P,C00505040
P20003612,LOPEZ AURORA,P,C00503029
P20003653,STORY RICKEY JOE,P,C00503771
P20003711,SWANSON KARIN LYNN,P,C00503763
P20003851,ELGAR MISS BETSY PAULINE,P,C00507947
P20003877,JONES TERRY DR,P,C00546424
P20003901,GLORE TODD RICHARD,P,C00559864
P20003950,LAWSON EDGAR A,P,C00583674
P20003984,STEIN JILL,P,C00581199
P20004065,WELLS ROBERT CARR JR,P,C00506055
P20004081,CHRISTENSON DAVID ANDREW,P,C00506337
P20004099,WHEELOCK TERRY WAYNE,P,C00506402
P20004289,HAYDEN JAMES A,P,
P20004297,MENARD ROLAND DURPHY III,P,C00565564
P20004446,JULIUS TYRONE ,P,C00509042
P20004503,STONE DR DAMIAN,P,C00513267
P20004537,SLOAN SAM,P,C00562637
P20004586,BAKER JACOB,P,C00510628
P20004719,HOLCOMB DAVID CHRISTOPHER,P,C00513630
P20004768,JACOB-FAMBRO PRINCESS KHADIJAH M PRES,P,C00514372
P20004909,SANDERA ROBERT WILLIAM,P,C00520304
P20004958,PENDLETON MARK C,P,
P20005070,CRONIN ANTHONY JOSEPH JR,P,
P20005138,WALKER VICTOR BRYAN,P,
P20005229,SHREFFLER DOUG,P,C00532663
P40000382,OGIN FREDERICK EUGENE,P,C00431031
P40000564,KREML WILLIAM P,P,C00591396
P40000820,MCDOWELL EDDIE,P,C00564096
P40001109,DE BUONAPARTE HRM CAESAR ST AUGUSTINE,P,C00438705
P40002446,MOLLENHOUR GRADY DEAN REV JR,P,C00586388
P40002669,BROUGHMAN DEWEY R,P,C00418848
P40002909,BUKEWIHGE EDIE MRS,P,C00388512
P40003279,MESPLAY KENT PHILIP,P,C00395475
P40003329,ROSENBERGER PAUL RUSSELL,P,C00575241
P40003576,PAUL RAND,P,C00575449
P40003584,CAVANAGH ERIC SCOTT,P,C00564880
P40003592,DEAN DANIEL LANE,P,C00564484
P40003600,ALLEN JAMES PRESSLEY,P,C00564930
P60002086,JENKINS MICHAEL DWAYNE,P,C00511774
P60002458,JEWELL ROGER HENRY,P,C00600908
P60002771,BROWN SAMMY MUREL,P,C00565952
P60003175,KALEMKARIAN TIMOTHY CHARLES,P,C00541896
P60003530,JUDD KEITH RUSSELL,P,C00532655
P60003670,KASICH JOHN R,P,C00581876
P60003688,CVOROVIC JANKA,P,C00589465
P60004322,OGLE JAMES ORLANDO III,P,
P60004405,MOOREHEAD MONICA GAIL,P,C00607788
P60004488,SAUTER DONALD,P,C00318758
P60004561,CHARLES JOSEPH,P,
P60004777,LAROSE JOSUE,P,C00457978
P60004785,COLE BRIAN ARI DR,P,C00466086
P60004793,ADESHINA YINKA ABOSEDE,P,C00489195
P60004801,JACOBSON STEVEN D,P,C00526475
P60004819,KINLAW MICHAEL WAYNE,P,C00536375
P60004827,MIMS TIFFANI EL DAWN,P,
P60004835,KELLER MARC ALEXANDER PAUL,P,
P60004843,MARTINEZ SHAWNA JOY,P,
P60004850,ZEIGER CHUCK,P,
P60004868,PERRY DARRYL W,P,
P60004876,MURPHY ROME II,P,
P60004884,STEVENS SHERLENE,P,C00545251
P60004892,TOMLINSON DWAYNE ALAN,P,
P60004900,JEROBOAN KINS,P,C00542613
P60004918,TAPE  PAUL EDWARD JR,P,C00547521
P60004926,LEHIGH ROBERT FANE,P,
P60004934,CROTZER EZEKIEL GEORGE,P,C00550079
P60004942,RUSSELL BRIAN PATRICK KETTERER,P,C00548800
P60004959,JONES VINCENT CHARLES II,P,
P60004967,BYERS JAMES ROBERT,P,
P60004975,DIGGS MICHAEL WAYNE,P,
P60004983,SCRIGNA ANGELO YOSHANNAH,P,
P60004991,LLOYD JUNE LA'GAY,P,C00550111
P60005006,HENDRIX DAVID QUINN,P,C00551994
P60005014,BRALICH PHILIP A,P,
P60005022,DILLON STEVE ALLEN,P,C00552059
P60005030,CINTRON DORIS,P,
P60005048,JOHNSON BARRY L,P,C00552158
P60005055,STEINBERG MICHAEL ALAN,P,C00552836
P60005063,SCHWARTZ JOHN GRAHAM,P,
P60005071,HUBBELL MICHAEL WAYNE,P,C00552729
P60005089,LEONARD JERRY L,P,C00553107
P60005097,SEWELL JAMES MCCORD III MRS,P,
P60005105,DUTTER MARK JOSEPH,P,C00554790
P60005113,SOPKOVICH NICHOLAS ALEXANDER,P,C00554998
P60005121,ALLEN-REESE POGO MOCHELLO,P,C00557504
P60005139,WILLEY TODD WADE,P,
P60005147,CAMPBELL JOHNNIE C,P,C00556852
P60005154,CLARK BRITTANY LAUREN,P,C00556951
P60005162,DEBOW MR PAUL W,P,C00562512
P60005170,SCHIESS JOHN T,P,C00590083
P60005188,CANNADAY PAUL BENJAMIN-DIELMAN,P,C00557744
P60005196,WALKER DORIS V,P,C00560318
P60005204,WILLIAMS ELAINE WHIGHAM,P,C00558999
P60005212,DUTTON KRISTI FREELAND,P,
P60005220,MULLIKIN TONY,P,
P60005238,MCCALL ANGIE,P,
P60005246,BORRELL ERIC JAMES,P,
P60005253,LOWER BARTHOLOMEW JAMES MR.,P,C00560813
P60005261,JUSTICE BRENDA DAWN,P,C00576728
P60005279,BOWERS KERRY DALE,P,C00562728
P60005287,LAW JAMES T,P,C00562389
P60005295,CONGER AMY,P,
P60005303,FOX CHERUNDA LYNN,P,C00563536
P60005311,TARLOW ZACHARY,P,
P60005329,WILLS KRYSTIN ALEXIS,P,C00563908
P60005337,RONDEAU DON LARANCE,P,
P60005345,SHERMAN JEFFERSON WOODSON,P,C00575217
P60005352,FARBER STUART ROSS,P,C00565267
P60005360,OWENS DANIEL ROBERT,P,
P60005378,MCKART PATRICK STEPHEN,P,
P60005386,MACKIMZEY DEBORAH MAE,P,
P60005394,MEI RUBY,P,C00566166
P60005402,ARMSTRONG BRANDON CHRISTINA,P,C00578765
P60005410,MARKOVICH BARBARA MAE ADAMS,P,C00566695
P60005428,BAKER EDWARD LANE,P,C00566927
P60005436,KINSEY RONALD LOUIS,P,
P60005444,MENIER THOMAS KENT SR,P,
P60005451,COLE SCOTT MICHAEL,P,
P60005469,SMITH KEITH,P,
P60005477,RAVISHANKER DINESH,P,C00568972
P60005485,TAYLOR DEACON NEWELL,P,
P60005493,SMITH SCOTT ANDREW,P,C00569467
P60005501,CHRISTENSEN DALE H,P,C00569400
P60005519,PAVILACK HARRY,P,C00569459
P60005527,KUFFEL ROBERT ELLERY,P,
P60005535,EMRIT RONALD SATISH,P,C00569897
P60005543,ALDRIDGE ROBERT FRANK,P,C00569780
P60005550,BOLAR SHELIA MARIAH,P,C00570077
P60005568,WOOD JOHN JOSEPH,P,C00570127
P60005576,USERA JOSHUA DAVID,P,
P60005584,HODGE CHARLES JUNIOR,P,C00607077
P60005592,ANDREWS CHARLES PERRY III,P,C00570358
P60005600,TYLER MATHEW LEE,P,
P60005618,BLASS PIOTR DR,P,C00570689
P60005626,PETYO MICHAEL EDWARD,P,
P60005634,PETER RICHARD,P,C00570184
P60005642,BONPASSE MORRISON MCKELVY,P,C00571232
P60005659,ARAYLE NICOLE LYNN,P,
P60005667,LUNDE BARBARA JEAN,P,
P60005675,DAVIDSON MARGARET M,P,
P60005683,CAFFREY ANDREW AUGUSTINE IV,P,C00571307
P60005691,OLEWINE SCOT GRANT,P,
P60005709,DUCKWALD WANDA GAYLE,P,C00576629
P60005717,LEWIS JR JULIAN BISHOP,P,C00571489
P60005725,FELDMAN MARC ALLAN,P,C00571471
P60005733,SHO MUHAMMAD,P,C00571653
P60005741,ABERNATHY CHRISTOPHER SCOTT,P,
P60005758,HILL PHILLIP KENNETH SR,P,C00572008
P60005766,BUSH WILLITA D,P,C00572032
P60005774,SCARBOROUGH LARRY D,P,C00572065
P60005782,DUKE RONALD,P,C00572297
P60005790,SPEARS ALAN ERROL ESQ.,P,C00575969
P60005808,KAHN LYNN SANDRA,P,C00577817
P60005816,HORN CHRISTOPHER DARREN MR.,P,
P60005824,PRUITT WILLIAM JASON MR.,P,C00572636
P60005832,REEDY DARWIN MISHA ROSE,P,C00572875
P60005840,ABBOTT GIFFORD WHEELER JR,P,
P60005857,HYDE JUSTIN NICHOLAS MR.,P,
P60005865,RAPHAEL DAVID MD,P,C00573337
P60005873,WINDETT JEFFREY JAMES MR,P,
P60005881,PINKNEY BUTTS PAMELA M REV,P,
P60005899,BOWHALL WILLIAM ERNEST JR,P,
P60005907,FLEMING-HODGE LORI LYNN,P,C00573865
P60005915,CARSON BENJAMIN S SR MD,P,C00573519
P60005923,BRUCATO GEORGE JAMES,P,
P60005931,BUTTOCKS SYDNEYS VOLUPTOUS,P,C00573543
P60005949,HAHN MARTIN,P,C00573998
P60005964,MICHAELS DANIEL TRAVIS,P,C00573667
P60005972,EVERSON MARK,P,C00573816
P60005980,JONES SUE LISA,P,
P60005998,LAUREL-SMITH ABBEY,P,
P60006012,MITCHELL JAMES CREIGHTON MR JR,P,C00573972
P60006038,PFLEIDERER REBECCA,P,
P60006046,WALKER SCOTT,P,C00580480
P60006053,ANDERSON JOSEPH EDWARD DR. JR.,P,
P60006061,GIVIDEN KENN,P,C00574582
P60006079,WAYMIRE BARBARA JOY,P,
P60006087,BENNETT DANNY MICHAEL MR. II,P,
P60006095,LAVIGNE JONATHAN PAUL,P,
P60006103,DUFFY ANDREW ELIJAH MISTER,P,
P60006111,CRUZ RAFAEL EDWARD "TED",P,C00574624
P60006129,EVANS JONATHAN THOMAS,P,
P60006137,BRUMMETT JAMES CARL,P,
P60006145,CINCOTTA CHRISTOPHER JOHN,P,
P60006152,SHEPARD RYAN W MR.,P,C00575852
P60006160,RHODES LEE,P,C00574707
P60006178,BORIS ROBERT,P,
P60006186,BORIS ROBERT IGOR MR.,P,
P60006194,FANNING CHARLES RAYMOND,P,C00574863
P60006210,IRWIN THOMAS J,P,C00571612
P60006228,KERBEL STEVEN ELLIOTT,P,
P60006236,CASTLEBERRY FRANCIS RAYMOND,P,C00575621
P60006244,QUARTEY MARY AKU,P,C00570192
P60006251,SHRUM RICHARD LYNN MR,P,
P60006277,INCE CECIL ANTHONY,P,C00575803
P60006285,PICA LOUIS S,P,C00575704
P60006293,CAPONE DEAN ALAN MR.,P,C00575134
P60006301,SHAHMORADI ANTHONY AHMED,P,
P60006319,BREYFOGLE PETER HOWARD MR,P,C00575142
P60006327,OLEYAR JEFFREY M,P,C00575159
P60006335,TORREZ MATTHEW MR.,P,
P60006343,DONGES KEVIN A,P,
P60006350,JACKSON ROLAND,P,
P60006368,REED C C,P,C00575225
P60006376,PODERS ERIC M,P,
P60006392,TAUS DAN B.,P,
P60006400,MILLIGAN JEREMY LEE MR.,P,
P60006418,KAMINSKY GLENN MR.,P,C00575357
P60006426,LOWE DONALD EUGENE,P,C00575365
P60006434,DONALDSON KENNETH,P,
P60006442,GAFFEN ADAM,P,
P60006459,MCNEAL JOHNSON WILLIAM JOSEPH,P,
P60006467,SABBAG DOUGLAS WALTER,P,
P60006475,MACLEOD ROBERT ALLEN MR. JR.,P,C00575514
P60006483,JANDA DARIN DONALD MR,P,
P60006491,WHITE DANIEL,P,
P60006509,BONIFICIA ANTHONY A JR,P,
P60006517,HOWARD WILLIAM BURN MR,P,C00575407
P60006525,FOSTER GREGORY A,P,C00575613
P60006533,O'GRADY TIMOTHY PATRICK,P,
P60006541,PERERA RYAN JOSEPH QUINTON MR.,P,
P60006558,MURPHY JUSTIN ROBERT MR,P,
P60006566,SIGSBY ROBERT WAYNE,P,C00575720
P60006574,THOMAS JUDAH,P,
P60006582,HOGAN DANIEL JARED MR,P,C00575779
P60006590,SHIRLEY MARK G,P,
P60006608,OATMAN MICHAEL REVEREND,P,C00594556
P60006616,BERMAN MARYANNE BRIDGET,P,
P60006624,FROEBER WILL MR.,P,
P60006632,NAGEL ERIC,P,C00575787
P60006640,MOYNIHAN SHAWN STEPHEN,P,
P60006657,MCMANUS MYLES MR.,P,
P60006665,MICKERT ANDREW CHARLES,P,
P60006673,DEAME KEVIN,P,
P60006681,MCEACHERN JENNIFER ANN,P,
P60006699,LIVINGSTON DAVID BLAINE,P,
P60006707,RAFFONE JOHN LOUIS MR,P,
P60006715,NEFF CRAIG ALAN MR.,P,
P60006723,RUBIO MARCO,P,C00458844
P60006731,MILLER RAYMOND MELVIN,P,C00575191
P60006749,LYNCH WILLIAM THOMAS MR,P,C00576546
P60006756,SKEENS D R,P,
P60006772,OWENS WARREN PATRICK,P,C00576025
P60006780,CROMBIE MELODY ANNE MRS.,P,
P60006798,KLINE CHAD CHRISTOPHER,P,
P60006806,SALYER WILLIAM BRIAN,P,
P60006814,LYNCH DENNIS M,P,C00576074
P60006822,PERRY CHARLES CHAZ LELAND III,P,
P60006830,VANDEWEGE MARK ALLEN,P,C00576165
P60006848,JOSEPHS KEITH DANIEL MR.,P,
P60006855,BLAIR MICHAEL KENT,P,
P60006863,CROSTON TIMOTHY,P,
P60006871,DUNCAN LARRY WELDON,P,C00577809
P60006889,MOORE TIMOTHY JAY MR.,P,C00577023
P60006897,WELLS ANDRE,P,
P60006905,UHRIC RAYMOND JOHN,P,C00576447
P60006913,MAUL LESTER RALPH MR JR,P,C00578641
P60006939,DIGGES WILLIAM MICHAEL MR,P,
P60006947,MOLINELLI COREY JAMES MR,P,
P60006954,LYNCH DENNIS MICHAEL,P,C00576074
P60006962,OTT SUSAN GELBER,P,
P60006970,DELL CRAIG STEVEN,P,
P60006988,WALSH JOHN R III,P,
P60006996,CHESTER JOHN CHAPMAN,P,C00576637
P60007002,EVANS NICHOLAS,P,C00576645
P60007010,STRUNK CHRISTOPHER EARL,P,C00576603
P60007028,ERWIN NICHOLAS DALE MR.,P,
P60007036,MACE RAYMOND MR.,P,
P60007044,SINGLETON JEROME,P,C00576769
P60007051,LICHTENFELS BRIAN KEITH MR,P,
P60007069,LUTZ RANDALL ROY,P,C00576835
P60007077,BERHANE DANIELLE HUSSER,P,
P60007085,BOSLEY MERIDI RICHARDSON,P,
P60007093,EALY LARRY ELLIS,P,C00576785
P60007119,WEIL RICHARD LYONS,P,C00576918
P60007127,GAMBERT JASON,P,
P60007135,CAISSIE GARY DAVID,P,
P60007143,ZUTLER DANIEL PAUL MR,P,C00576967
P60007150,LINDER MATTHEW STEVEN,P,
P60007168,SANDERS BERNARD,P,C00577130
P60007176,FAAS SOURAYA,P,C00577106
P60007184,SNYDER SPENCER ERIC MR.,P,C00579409
P60007192,KITTREDGE GARY STEPHEN,P,
P60007200,MOODY DERICK,P,
P60007218,BIZGA JOHN CARL,P,
P60007226,JEWELL EDWARD CARLTON SR,P,
P60007234,ASTOR HOWELL ALEXANDER,P,
P60007242,FIORINA CARLY,P,C00577312
P60007259,SMITHERMAN TONY,P,C00577403
P60007267,KELSO LLOYD THOMAS,P,C00577411
P60007275,LIU GEOFFREY KUANG HUA,P,
P60007283,PIATT MARTY MR.,P,C00577429
P60007291,JONES-TAYLOR GAYLE LOLETHA MS,P,
P60007309,DUKE DOUGLAS HEWITT,P,C00582098
P60007317,HART LINDA  J,P,C00577478
P60007325,ANTLEY RAY MILLS JR MD,P,
P60007333,MCMENEMY MICHAEL,P,
P60007341,BROOKS ARTHUR HERBERT MR. JR,P,
P60007358,BRANDKAMP SPENCER,P,
P60007366,MCCUBBINS LIMBERBUTT,P,C00577486
P60007374,NICHOLS ROGER,P,
P60007382,DEL HIERRO ARTURO MR,P,
P60007390,SCHROEDER WILL DR,P,
P60007408,O'MARA DONALD GAIL,P,
P60007416,FARKAS TIMOTHY R,P,C00577551
P60007424,TUCKER GARY,P,
P60007432,ALTIMARI JOSEPH,P,
P60007440,SCROGGIE JEREMY,P,C00578112
P60007457,COPELAND ARLON SCOTT,P,C00590554
P60007465,DELONG PAUL,P,
P60007473,MOORE BILLY TOM,P,C00577783
P60007481,STETSON JOSEPH ARTHUR,P,C00577775
P60007499,MILLS DAVID ALLEN,P,C00577858
P60007507,ELLIOTT JONATHAN LEE,P,
P60007515,WILSON WILLIE,P,C00577916
P60007523,BELL JAMES JEROME MR.,P,C00580407
P60007531,SLEGGS MARK MR.,P,C00578088
P60007549,WALKER HUGH SGT,P,
P60007556,SZCZEPANSKI MICHAEL GARY DR,P,
P60007564,SMITH JEFFREY LYNN,P,
P60007572,PATAKI GEORGE E,P,C00578245
P60007580,MCKOWN DARRELL MACK,P,C00578310
P60007598,RICHARDSON WILLIAM KNOX,P,
P60007606,GOVE JEREMY,P,
P60007622,SZEKELY ROBERT EDWARD,P,
P60007630,BRAUL HARRY WILLIAM III,P,C00578534
P60007648,TURNBULL JOHN,P,
P60007655,WALKER MICHELLE "HOPE",P,C00578591
P60007663,JERRY RENEE KEYA,P,C00578617
P60007671,O'MALLEY MARTIN JOSEPH,P,C00578658
P60007689,KEITA MOHAMMED,P,C00578690
P60007697,GRAHAM LINDSEY O,P,C00578757
P60007705,WYMAN KAYE,P,
P60007713,VAN ALLEN HAROLD WILLIAM,P,C00576603
P60007721,LIN DAVID TAWEI MR.,P,
P60007739,FORSYTH JOHN SCOTT,P,C00578930
P60007747,GLADSTONE STEVE,P,C00579003
P60007754,WINSLOW BRAD MR.,P,C00579276
P60007762,BROOKS MARK,P,C00579011
P60007770,THOMPSON MORRIS KENT MR.,P,C00579037
P60007788,BARNES DYJUAN D,P,C00582205
P60007796,STEWART WARREN GREGORY,P,
P60007804,KATT CORNELIUS JANNIK,P,C00579177
P60007812,HOLT MICHAEL MCGREGOR MR,P,
P60007820,TRUITT PAUL EDWARD DVM,P,C00579961
P60007838,BOISSELLE CHAD EUGENE,P,C00579193
P60007861,PENT JEREMIAH,P,
P60007879,PERKINS GARY WAYNE JR,P,
P60007887,RODEO KENNY,P,C00579698
P60007895,MANLEY ELIJAH D,P,C00578872
P60007903,CULLISON BROOKS ANDREWS,P,C00579284
P60007929,STERLING SHAWNA,P,C00579326
P60007937,NEWLAND K. ROSS,P,C00579334
P60007945,HIGGINSON ROBERT,P,
P60007952,MYERS TIMOTHY HAMILTON,P,
P60007960,WILHELM MICHAEL JOSEPH MR,P,
P60007978,LARM DAVID ROBERT MR,P,C00580456
P60007986,VINCE ROBERT ANDREW MR. JR,P,
P60007994,GREEN JIM,P,
P60008000,TORII DENNIS ROGER JR.,P,
P60008018,CORDOVER ALEXANDER MR.,P,
P60008026,YOUNG SUSAN,P,C00579417
P60008034,CHEN JAMES JYHYENN,P,
P60008042,CASTILLEJOS MICHAEL,P,C00579441
P60008059,BUSH JEB,P,C00579458
P60008067,SCRUGGS MICHAEL W REVEREND,P,C00588988
P60008075,CHAFEE LINCOLN DAVENPORT MR.,P,C00579706
P60008083,FARMER ELMER MR. JR,P,
P60008091,MCGINNIS STEVEN MICHAEL,P,
P60008109,NAGLE GLORIA,P,
P60008117,JOHNSON TYRONE MR,P,C00581553
P60008125,CORNELL PHILIP MR.,P,C00579565
P60008133,COLLINS JAMES CASEY,P,C00579581
P60008141,STEVENS JESSE LEE MR.,P,C00579672
P60008166,MYERS HILARY HELEN,P,C00579631
P60008182,AGUILAR DANNY GOOGLE,P,
P60008190,GYURKO ZOLTAN,P,
P60008208,SPARROW JACK,P,
P60008232,LANG JENNIFER MARIE DR.,P,
P60008240,ASHER PAUL,P,
P60008257,HOFFMAN RALPH ROBBIE MR. SIR.,P,C00580514
P60008265,HANGER EMMETT W JR,P,C00579839
P60008273,KENNY JAMES J,P,
P60008281,REID DERRICK MICHAEL,P,
P60008299,JENNINGS GERALD JOHN MR. II,P,C00579847
P60008307,ROGERS LORREN MR,P,
P60008315,VAN BERNUM GEORGE JOSEPH MR. JR,P,
P60008323,GRIBBLE QUANCIDINE HINSON,P,C00579987
P60008331,CIOTTI ANTHONY MR. III,P,C00579995
P60008349,ROSENBAUM ANDREW SCOTT MR.,P,C00580035
P60008356,WEBSTER ANDREW J,P,
P60008364,VEGA ISAAC ADAM MR.,P,C00580050
P60008372,UNSWORTH MATTHEW ALEXANDER,P,
P60008380,SARACENO JOHN ANTHONY MR.,P,
P60008398,JINDAL BOBBY,P,C00580159
P60008406,WENTWORTH RICHARD LEE,P,
P60008414,WESSON DAVID S,P,C00580167
P60008422,SIMPSON MARY ERWIN,P,
P60008430,TOUCHETTGESS MICHELE ANN JONES,P,C00580175
P60008448,MORCOM PERRY WAYNE,P,
P60008455,HARKINS SCOTT ALLEN,P,
P60008463,STEVENS PATRICIA DIANE,P,C00580183
P60008471,RAINEY KELLEY BRACKEN MS.,P,C00580209
P60008489,COSTELLO REGIS J,P,C00580530
P60008505,MARTIN JAMES RAY,P,
P60008513,WILEY MIKE,P,C00580332
P60008521,CHRISTIE CHRISTOPHER J,P,C00580399
P60008539,CRAWFISH CRAWFISH,P,
P60008547,PROPSNER WILLIAM PAUL,P,
P60008554,DEVINE ROBERT,P,
P60008562,WEIGEL BENJAMIN FRANKLIN,P,C00580548
P60008570,KLEIN DARREN ANDREW,P,
P60008588,MORGAN BRANDON JARED,P,
P60008596,EURTON JOHN,P,C00581355
P60008604,UNDEN COLTON,P,C00580605
P60008612,MILLS DAVID ALLEN MR,P,
P60008620,LEE... R....,P,C00580639
P60008638,LIBRACE DAVID,P,C00587758
P60008646,PITTMAN WILLIAM A,P,
P60008653,BAUCOM DAVID EDWARD,P,
P60008661,NELSON URYAN MR.,P,C00580720
P60008679,HAWKINS TAMEIKA NICOLE,P,C00579607
P60008687,OLIVEREZ ESTEBAN MIGUEL MR.,P,C00581264
P60008695,PATTERSON STEPHEN MICHAEL,P,C00587535
P60008703,ASKIN RAY WILLIAM MR,P,
P60008711,ALLEN DARRYL GLENN MR,P,
P60008729,TORKKO CAROL,P,C00580860
P60008737,JONES KELBY ANDREW MR.,P,
P60008745,FRATTERSON TURK YOLNINETIMES MR.,P,C00580944
P60008752,PERKINS ANGUS VALENTINO,P,
P60008760,HART JASON AARON,P,C00580985
P60008778,CRAWFORD PHILIP RASHAD MR.,P,
P60008786,ELIJAH ISIS,P,C00581009
P60008794,THOMAS MAXWELL,P,
P60008802,KARST RICHARD,P,
P60008828,WICKER THOMAS M,P,
P60008836,FEENEY GERALD FRANCIS,P,
P60008844,JACKSON SARAH LEE-BUDD,P,
P60008851,BOATENG KWAME APPIAH,P,C00581579
P60008869,ANZOLI ARMANDO,P,
P60008877,KISSI ALEXANDER OB. BISHOP,P,
P60008885,WEBB JAMES,P,C00581215
P60008893,MERRY LINDA LOUISE,P,
P60008901,HUBER FRANK STEVEN DAVID II,P,C00581363
P60008919,DREW ARTHUR,P,C00581389
P60008927,HOPKINS DONALD R JR,P,
P60008935,HENRY SELDEN KENNEDY,P,
P60008943,MARTINX ANDY,P,C00581405
P60008950,YANCEY FLOYD AZRAEL,P,
P60008968,DUBON TODD NORMAN,P,
P60008976,STEPHENS RENEE ANDRE,P,
P60008984,HARDING RAYMOND ALLEN MR,P,
P60008992,PAYLIN SARA H. MS. PE,P,
P60009008,ADAMS JACK LYNN,P,C00582106
P60009016,LABO THOMAS MATTHEW,P,
P60009024,NICELY MICHAEL,P,
P60009032,ROHRBACKER RUSSELL WILLIAM,P,
P60009040,LONG CHARLES ANTHONY,P,
P60009057,DIETRICH GEORGE WAYNE II,P,
P60009065,BRANNAN DANIEL LESTER,P,
P60009073,PRIBBLE ROBERT LEONARD II,P,C00581603
P60009081,REED ROBERT J MR,P,C00581629
P60009099,CRAY MARO DAY,P,
P60009107,WALKER THAI ALLEN REV.,P,C00581736
P60009115,HANSEN MAXWELL DOCTOR NO,P,
P60009123,MATHEWS CORNELUIS,P,C00582577
P60009131,PALYN BRYSTOL S. MS.,P,
P60009149,GARCIA SAMX,P,C00581850
P60009156,MERCADO GERMAN QUINONES JR MR,P,
P60009164,CORNERSTONE DAVID REED,P,C00586206
P60009172,SARTIN DAVID WAYNE,P,C00582627
P60009180,SMITH THOMAS BENJAMIN,P,C00581900
P60009198,NUTS DEEZ,P,C00587816
P60009206,BRITT JOSEPH PATRICK JR,P,C00587394
P60009214,WARNER STANLEY WESLEY,P,C00582023
P60009222,COVINGTON STEVEN WAYNE,P,
P60009230,ERWIN FRANKLIN JAMES,P,C00582197
P60009248,WATKINS RICHARD GREGARY,P,
P60009263,HENRY RUSSELL R,P,
P60009289,COBURN DAVIN,P,
P60009297,FIRMANI JAMES PARIS,P,
P60009305,HAEN DAVID M,P,C00582346
P60009313,MCKEEVER EAMON,P,C00582361
P60009321,CELIAN JEAN,P,
P60009339,NAPODANO MICHAEL ANDREW,P,
P60009347,DIONISIO ROBERT MR.,P,C00582445
P60009354,WEST WARREN PHILIP,P,C00582452
P60009362,MEADOWS NATHAN EVAN,P,
P60009370,RUSS DANA GLEN MR,P,
P60009388,STAUFFER SCOTT WESLEY,P,
P60009396,GONG KEVIN,P,
P60009404,THOMPSON TROY @NEXCEO MR,P,
P60009412,SMITH DARRYL JOHN MR.,P,
P60009420,MASSEY PADDINGTON VERMON MS.,P,
P60009438,KALINCHEVA MAGDALINA G DR,P,
P60009446,DOUGLAS DIANA LYNN,P,
P60009453,GRIG DAVID AARON,P,
P60009461,FOLLANSBEE JOHN CHARLES MR,P,
P60009479,ARCAYA RENNY,P,
P60009487,CAT BUDDY THE,P,
P60009495,EDEN,P,C00582825
P60009503,KORB STEVEN GERARD,P,
P60009511,COYNE PHD THOMAS JOSEPH,P,
P60009529,MITCHELL-KING CHARLES IVAN,P,
P60009537,FRANCO RICHARD ALAN MR.,P,C00582908
P60009545,ROOSEVELT JOHNNY GODDAMN MR,P,C00582916
P60009552,HANSON ROBERT DONALD,P,
P60009560,RUBIN HOWIE,P,
P60009578,MIKLOS GEORGE D,P,
P60009586,BENN CHANDLER ASHMUN MR.,P,
P60009594,MONTGOMERY KEVIN J,P,
P60009602,BAIRD DUSTIN ALAN,P,C00582932
P60009610,HAMMON ANITA,P,
P60009628,LEGATE JAMES WALTER JR,P,
P60009636,ALSUP WILLIAM,P,
P60009644,BRIGGS BRIAN JAMES MR.,P,C00583047
P60009651,OCKANDER PATRICK ANTHONY MR.,P,C00583070
P60009669,THE ELF BUDDY,P,
P60009677,TOLOS PERRY MR.,P,
P60009685,LESSIG LAWRENCE,P,
P60009701,MCCOIG NIKKI,P,
P60009719,HARDIE MARK CHARLES,P,
P60009727,PEULER MICHAEL HENRY,P,
P60009735,FARNELL CHRISTOPHER,P,C00583286
P60009743,MCKENNA PATRICK REV.,P,
P60009750,OAWLAWOLWADOL PRINCESS,P,C00583328
P60009768,NUNO ROGELIO,P,
P60009776,HOLLOWAY ROBERT JR,P,
P60009784,COLE JOHN,P,
P60009800,MCKEEN JEREMY MARC,P,
P60009818,KALINCHEVA MAGDALINA G DR,P,
P60009826,BRICENO JAIRO I,P,
P60009834,ISRAEL ABRAHAM,P,C00583633
P60009842,BOARMAN DAVID DEE,P,
P60009859,MESSINA PETER,P,C00583542
P60009867,CREWS RICKY DANIEL,P,
P60009875,GIORDANI ROCKY MR.,P,C00590844
P60009883,DOG BAILEY D.,P,
P60009891,SCHWARTZ GUY DONALD,P,
P60009909,MARTIN ALONZO TABLET SR,P,
P60009917,KENISTON CHRISTOPHER ROBERT MR.,P,
P60009925,WILLIAMS RYAN CHARLES,P,
P60009933,WHITAKER BOB,P,C00607150
P60009941,WALKER JARED,P,
P60009958,ESPINOSA GEBY E,P,C00583724
P60009966,SMITH ROBERT ALLISON JR,P,C00583740
P60009974,SKETCH TOM BRADY,P,
P60009982,GLEESACK DANE,P,
P60009990,LE FEELS PEPE RARE,P,C00583765
P60010006,GUTIERREZ KRISTOPHER JAMES DR.,P,C00583773
P60010014,HEYMAN AARON,P,
P60010022,EDOM JEREMY LEE MR.,P,
P60010030,GILBERTSON MATTHEW ROBERT MR.,P,
P60010048,BAE ELSA IS,P,
P60010055,FINNELL JACOB MR.,P,
P60010063,KUSH DANK ASS KAPTAIN,P,
P60010071,KOONTZ ASHTEN WILLIAM,P,C00583807
P60010089,ICE ELSA QUEEN,P,
P60010097,FOR PRESIDENT ROBERT HAINES,P,
P60010105,SMITH DEVON MICHAEL,P,
P60010113,BUGARSKI LUKA,P,
P60010121,CINELLO JOSEPH VINCENT MR.,P,
P60010139,TAGUE JORDAN,P,
P60010147,MONDA CHRISTOPHER,P,
P60010154,VAN ALDERWERELT ADAM,P,
P60010162,UNDERWOOD FRANCIS J,P,
P60010170,MCLEAN ANDREW GREGORY,P,
P60010188,SCHAFER SCOTT PRESTON,P,
P60010196,STANG TIMOTHY JAMES,P,C00583815
P60010204,FER LUCI MRS.,P,
P60010212,RODGERS JOSEPH,P,C00583831
P60010220,SMITH SATAN KING,P,
P60010238,NEESE BRETT REED,P,
P60010246,SATAN KING PRESCOTT,P,
P60010253,SKOVIRA JOSHUA A,P,
P60010261,PRINCE OF DARKNESS SATAN LORD OF UNDE,P,
P60010279,AMEDE AARON,P,
P60010287,SHELTON WILLIAM,P,
P60010295,JALLOH ABU BAKARR MR JR,P,
P60010303,HAMLIN QUINN,P,C00583757
P60010311,CAPPS WILLIAM ROBERT JR,P,
P60010329,SHUFELT THEODORE A JR.,P,
P60010337,EDDY JASON,P,C00583864
P60010345,CERMAK ANDREW,P,
P60010352,DESCHENES JESSE,P,
P60010360,DARK DOGE COIN DOGED,P,
P60010378,WHEELER MICHAEL JAMES,P,
P60010386,LONGDICK TYRONE,P,
P60010394,CHOWDER SOHAN MR.,P,
P60010402,SIMMONS MICHAEL GENE MR.,P,C00583963
P60010410,SOTERO GILBERT MR. JR,P,
P60010428,HAYES RICKY DOUGLAS MR.,P,
P60010436,BREN BMDIG,P,
P60010444,SAVVY SUMMER A MRS.,P,
P60010451,WAGNER JEFFREY ALAN,P,
P60010469,COLEMAN O'BRIAN MCNEIL,P,C00583906
P60010477,HOWENSTEIN RICHARD CAHRLES MR II,P,
P60010485,MARTIN CATHERINE,P,
P60010493,LYNN CHRISTOPHER,P,
P60010519,SURE NOT MR.,P,
P60010527,POXTIFICATE CRANTIFFINUS ADRAGUIZES D,P,
P60010535,AAA TRUEPROSNC,P,
P60010543,ANCHONDO HECTOR RUBEN,P,
P60010550,PAPPAS JOHN ANDREW,P,
P60010568,WILLIAMS BRIAN PIERRE MR.,P,
P60010576,GARGIULO ANDREW MICHAEL MR.,P,
P60010584,SORRENTINO MICHAEL,P,
P60010600,WIMMER MARK DAVID MR.,P,C00583930
P60010618,CHENYWORTH TONEY EVERETT,P,C00584011
P60010626,LANNISTER TYRION MR.,P,
P60010634,CRATCH CLYDE OTTIS MR 3RD,P,C00583955
P60010642,VAN ORDEN MAXIMUS,P,C00583948
P60010659,PICARD JEAN-LUC,P,
P60010667,LOURNG VICTOR,P,
P60010675,GOODMAN WILLIAM WOLF III,P,C00583989
P60010683,AKA THE PROPHET AKA EARL TRIPPYCUP AK,P,
P60010691,STUFF BUTT,P,C00584029
P60010709,SANITY BRINK,P,
P60010717,BIZZLE RANDALL,P,C00584003
P60010733,MAHER MAHER,P,
P60010741,BAZER SAM CLARK,P,C00584037
P60010758,CARROLL IAN,P,
P60010766,BOIE JAMISON G,P,
P60010774,MULLINS BAIN,P,C00584045
P60010782,FALJEAN GREGORY ZENNES,P,
P60010790,SARR ABDOULLAHI AL-HAKIM MR,P,
P60010808,PETROVIC NENAD,P,
P60010816,WILLIAMS DANIEL RAY MR.,P,
P60010824,DONOVAN NED DAHL MR,P,C00584060
P60010832,LUTHOR ALEXANDER JOSEPH,P,C00584052
P60010840,JORDAN MICHAEL MR.,P,
P60010857,DOVER BENJAMIN,P,
P60010865,ZAJAC ALEC HENRY MR.,P,
P60010873,CANDIDATE UNDERAGE,P,
P60010881,KESELOWSKI BRIAN ALLEN MR.,P,
P60010899,MARKGRAF BENJAMIN COLT,P,C00584094
P60010915,DOG VERY ODD,P,
P60010923,TEMPELMEYER DREW MARSHALL,P,
P60010931,MILLER ALEXANDER,P,C00584102
P60010949,CRUNCH CAPTAIN,P,C00584128
P60010956,RUSSO MUGSY,P,C00584110
P60010964,CASTRO RUZ FIDEL,P,
P60010972,DVINANIN ALEXANDER,P,
P60010980,DADDY CAM SIR,P,C00584144
P60011004,EEM HA GOT MR.,P,
P60011012,BALBOA ROCKY,P,C00584227
P60011020,HARDING MATTHEW,P,
P60011038,LILLARD DAVID JAMES DR.,P,
P60011046,AVILA ISABEL GABRIELLA,P,
P60011053,BAXTER STOUTHEART,P,
P60011087,GORDH ALEXANDER SOY SAUCE AND TATERS ,P,
P60011095,REAGAN'S GHOST RONALD MR.,P,
P60011103,MACKINTOSH COLIN,P,C00584169
P60011111,STEWART DALVIN MARQUIS,P,
P60011129,THOMAS JOSHUA,P,C00584292
P60011137,SHUE NOAH,P,
P60011152,GENDREAU EVAN,P,
P60011160,ROSTRON ELIJAH DAVID,P,C00584177
P60011178,SHADY SLIM SACK MR.,P,
P60011186,GOKU FREDERICK LINDSEY LOHAN EMPEROR,P,
P60011194,JOHNSON AIDAN,P,C00584185
P60011202,DAVIS KLINTON PATRICK,P,
P60011210,ANNATAR SAURON TAR,P,
P60011228,BALDWIN DOUGLAS JOHN MR,P,
P60011236,WITTER JUSTIN PAUL,P,
P60011244,LEDNOVICH MICHAEL ANTHONY MR.,P,C00584243
P60011251,WALL BRIAN MAJOR SR.,P,
P60011269,JENSEN IRVING FREDRICK IV,P,C00584219
P60011285,SHUNNAR KATEB NUIR,P,
P60011293,MCCARTHY JOHN EDWARD MR.,P,C00584235
P60011301,BREN BIG,P,
P60011319,MCGUIRE SCOTTIE JR,P,
P60011327,KAWAII SPARKLE LADY,P,
P60011335,WILLINGHAM JOHN WILLIAM,P,
P60011343,CURREN WILLIAM FRANCIS V,P,
P60011350,NUTZ DEEZ W.,P,
P60011368,HAMSTER LUCILLE,P,
P60011376,SAVAGE DAVID,P,
P60011384,CROSLEY PATRICK,P,
P60011392,BERGIN CATHAL,P,
P60011400,LOCKER KYLE,P,
P60011418,GROVOM STANLEY ARTHUR,P,
P60011426,NUTS BOFA DEEZ,P,
P60011442,DAWLI ABOUD J MR.,P,
P60011459,DOLL NATHANIEL ROBERT,P,
P60011467,GARAY ABRAHAM CARRASCO MR.,P,
P60011475,VALDEZ LANINE,P,C00584326
P60011483,FROG PEPE LE MR.,P,C00584334
P60011491,MACPHERSON CLEO WALTER,P,
P60011509,TURNER TOMMY,P,C00584342
P60011517,BERRY JOEY,P,C00584359
P60011525,SLACK STEVEN JOHN MR,P,
P60011533,PUSSY DIS,P,
P60011541,MARTIN JOHN DAVID,P,
P60011558,HURT SAMUEL LEVI RABBI,P,C00584375
P60011566,BLOCKER BRITTANY G,P,
P60011574,SHOWALTER ALEXANDER,P,
P60011582,BORNE JASON,P,
P60011590,DAHMER JEFFREY,P,
P60011608,MCKOCKENER BERRY JO MR.,P,
P60011616,MAGOLNICK MICHAEL,P,C00584409
P60011624,JANICE HUGH NICHOLAS MR.,P,
P60011632,ANDERSON JOHN LESTER MR,P,C00584417
P60011640,BURNS SEAN,P,C00584425
P60011657,JOHNSON KRYSTAL SHANTRELL MS.,P,C00584433
P60011665,ASS DAT,P,
P60011673,FOX AUSTIN CLAY,P,
P60011681,DUTRA NORMAN,P,C00584441
P60011699,SNOW KYLIE R,P,
P60011707,CLAYTON MICHAEL EUGENE,P,
P60011715,JANE MARY,P,
P60011723,SIMMONS ANDREW,P,C00584474
P60011749,BAKER JESSE,P,
P60011756,FELICIA BYE,P,
P60011764,KURDZIEL ANTHONY MR,P,
P60011772,HENKE ANTHONY,P,
P60011780,THOMPSON CHRISTOPHER LEE MR.,P,
P60011798,THORNTON TYLER ANTHONY MR.,P,
P60011806,HURLEY DECLAN MCKOWAN MR. I,P,
P60011814,SMOOTH BILLY D. MR,P,
P60011822,HALL MILES L,P,
P60011830,MYY NIGGA MYY NIGGA N,P,
P60011848,LITTLE DAN,P,
P60011855,REISBORD SAMUEL M.,P,C00584490
P60011863,ICKES JESUS DOG LORD,P,
P60011871,ROUSSEAU THOMAS MR.,P,
P60011889,MODE BEAST,P,
P60011897,BROWN BRANDI MISS,P,
P60011905,DAUB MICHAEL,P,C00584516
P60011913,THOSE WHAT R.,P,
P60011921,SALAD JEWISH JAMES MR.,P,
P60011939,STEVENS ADAM DANGER,P,
P60011947,SHIBA MAME,P,
P60011954,FALCO ALEXANDER JOHN MR.,P,
P60011962,LEILI ADAM DANIEL,P,
P60011970,COOKIES 'MURICAN,P,
P60011988,ZEALOT COOKIE SIR,P,C00584540
P60011996,BROWN BENNETT JAMES,P,
P60012002,SEATTLE SEACHICKENS SUCK,P,
P60012010,SCHRUTE DWIGHT,P,C00598219
P60012028,THE CLOWN BIPPY,P,
P60012036,CUMMINGS ROBERT JIMMIE,P,
P60012044,GOINS BRYSON DAVID,P,
P60012051,DUKE DEON LEWIS,P,C00584565
P60012069,THOOOOOOSE WHAT ARE,P,
P60012077,ROLLINS BEN,P,
P60012085,KENOBI OBI WAN JEDI.,P,C00584581
P60012093,BOWMAN JOSEPH LEE,P,
P60012101,GONZALEZ JOHNNY R. MR.,P,
P60012119,PALMIERI LUKE,P,C00588574
P60012127,LAPLANTE RONALD JOHN II,P,
P60012135,BIDEN JOSEPH ROBINETTEE,P,
P60012143,BIDEN JOE R,P,
P60012150,TONSING EDWARD MICHAEL,P,C00584607
P60012168,KAN JONAH ABRAHAM,P,
P60012176,PRUE REECE,P,
P60012184,BALLSACK DONALD TRUMP'S HAIRY KING,P,
P60012192,VAYNBLAT SAMUEL R MR,P,C00584631
P60012200,STEINHORN JASON SCOTT MR.,P,
P60012218,STRICKLAND TIMMY WAYNE,P,
P60012226,NIPPERT BRIAN,P,
P60012234,JOHNSON JOHN FITZGERALD MR.,P,C00588913
P60012242,EDWARDS. JASEN LEMAR EX.,P,C00584656
P60012259,DE GATTO VENUS BELLA MS.,P,
P60012267,PARADISE CHRISTOPHER JOHN SENIOR,P,C00584664
P60012275,WOW DOGE,P,C00584870
P60012283,PAUL JEFF,P,C00584672
P60012291,COX AUSTIN,P,C00584680
P60012309,GLOVER DONALD,P,C00584714
P60012317,LAWSON PATRICK STEVEN JR,P,
P60012325,PRESTE PAUL GEORGE,P,C00583591
P60012333,CLINTON BILL,P,
P60012341,TRIAD CHANG GANG,P,
P60012358,FALKENRATH CHRISTOPHER JAMES,P,
P60012366,HANNURABI HEAVEN,P,C00584789
P60012374,FRIZZO CHRISTOPHER KRISHNA,P,
P60012382,HENWOOD DOUGLAS FRANCIS,P,
P60012390,CARTEE JAMES R. REV. JR.,P,
P60012408,NEURO XAVIER G.,P,
P60012416,FLASH ZAKK DR.,P,
P60012424,TORO DAVID JOSEPH MR.,P,
P60012432,PANTS CRANKY,P,C00584821
P60012440,SHACKLEFORD RUSTY MR.,P,
P60012457,LYNCH MARSHAWN,P,
P60012465,BIDEN JR. JOSEPH R.,P,
P60012473,PERICOLO ANTHONY AMERIGO MR.,P,C00584862
P60012481,WILSON JAMES GRAHAM DR.,P,
P60012499,WOOKAS MISTER,P,
P60012507,FRENCH JUDITH ALLISON,P,
P60012515,PAWTER OF GRYFFINDOR HAIRY JAY-MZ MC,P,
P60012523,POTTER HARRY THE MLG WIZARD ULTRA-MC ,P,
P60012531,BASELTON PAISLEY BAYWEAF MS.,P,
P60012549,RIESENBECK KYLE REV.,P,C00584888
P60012556,HOLLIDAY DANA ALLISON MS,P,C00584896
P60012564,DOYLE SHERBRONY SHERBY,P,
P60012572,DURHAM NATHAN,P,
P60012580,MINI SCHNAUZER REMO CUTEST DOG EVER,P,
P60012598,CATRINA JASON ANTHONY,P,C00584904
P60012614,REGIS JOSE,P,
P60012622,DIRWELL TAZ,P,
P60012630,SHUTT ZACHARY DEREESE,P,C00584920
P60012648,SNEMIS JACOB ALEXANDER,P,
P60012655,TOLMACH ROBERT,P,
P60012663,ERB TOM C.,P,
P60012671,DURBY TRACY ANNE,P,
P60012689,HURD CHRISTOPHER ROBERT,P,
P60012697,CHUNG ANDREW HEARTDOC,P,C00589002
P60012705,CHICKEN FROSTY,P,
P60012713,WOLFCHILD REBECCA MRS.,P,
P60012721,CLARKSON JEREMY CHARLES ROBERT PRESID,P,
P60012739,MARTIN ERIC BROOK MR,P,
P60012747,PARKS DANIEL KITTREDGE,P,
P60012754,TESENY PAUL ANTHONY MR,P,C00584953
P60012762,LIBBY JAMES A.,P,C00587493
P60012770,MAXWELL KENNY MAI BALLZ MR,P,
P60012788,BANNERMAN JOSEPH,P,C00585984
P60012796,WARREN ELIZABETH ANN,P,
P60012804,MOREAU CHRISTOPHER ANDREW MR.,P,
P60012812,DOLT CAMERON MICHAEL,P,C00584987
P60012820,ROBINSON JACOB ANDREW,P,
P60012838,ABDULHAMID AMMAR,P,
P60012846,GUMP FORREST,P,
P60012853,SPIKEY PORCUPINES R. MR. JR.,P,
P60012861,SOFFER YASH PAL,P,
P60012879,MASSIVE JAYNUS HUGH,P,
P60012887,ELDER MICHAEL DAVID,P,C00585026
P60012895,YEO BRECKEN,P,
P60012903,HOD BEN C. DR.,P,
P60012911,ANNA SANTA MR. THE III,P,
P60012929,TOSH DANIEL DWIGHT SIR,P,
P60012937,PARKER DAVID,P,
P60012945,TURTON KYLE FLUFFY,P,
P60012952,KUMRO CHRISTOPHER EVERETT,P,C00585034
P60012960,SKEWES PETER ALAN PH.D.,P,C00585042
P60012978,THE PUPPET ZIBBLE,P,
P60012986,COLEMAN RONALD W,P,
P60012994,MCCLANAHAN` TIMOTHY W,P,
P60013018,PADGETT DEVON DEEZ NUTZ,P,
P60013026,VOCAL PAVEL MR.,P,
P60013034,FRAZEE PHILIP,P,C00585075
P60013042,GUY BLUE HAIR,P,C00584250
P60013059,OSTROM DAVID BRADY,P,
P60013067,VILLOPOTO MICHAEL,P,
P60013075,MILLS JESSI LYNN,P,
P60013083,ISAAK RICK,P,
P60013091,COCO AUSTIN BASIL,P,
P60013109,CHROBOCINSKI TYLER JAMES,P,
P60013117,GOTTFRIED MATTHEW RYAN MR.,P,
P60013125,SMERKOL SAMUEL JOHN MR. JR.,P,
P60013133,ROBBINS DAVID MICHAEL,P,
P60013141,HU TAIGE,P,
P60013158,DANIELSON STENTOR,P,C00585117
P60013166,EDMONDSON JEB,P,
P60013174,HU TIGER,P,
P60013182,FERNANDEZ DANIEL,P,
P60013190,TAYLOR TROY EMERY,P,
P60013208,HARMER WILLIAM JOESEPH MR.,P,C00585133
P60013216,ME HAVE SEX WITH,P,
P60013224,LYNAH CAMERON THOMAS,P,
P60013232,MOONEY JOHN MR,P,C00585141
P60013240,LMAO AYYY,P,
P60013257,YAMAMOTO BRANT,P,
P60013265,TRUMP SELAM MRS.,P,C00585158
P60013273,RACEBAITER IM A SE?OR ESQ,P,
P60013281,SHERRIL PETER W.,P,
P60013299,PIRTLE WILLIAM ANDREW,P,C00585174
P60013307,PETE SNEAKY MR,P,
P60013315,QURAISHI AMMAD UDDIN,P,
P60013331,DENTON BRYAN,P,C00585182
P60013349,JOHNSON ERIC PAUL,P,
P60013356,DAVIS ERVIN ANTHONY MR,P,
P60013364,CRISP CALEB ALLEN LORD,P,C00585208
P60013372,GROVES JAMES RYAN,P,C00585232
P60013380,BIN LIFTIN OSAMA,P,C00585356
P60013398,DIETRICH GRAYSON DEAN,P,C00585240
P60013406,DRAY JON PRESCOTT,P,
P60013414,CROSS ALEX LLOYD,P,
P60013422,CATS SEYMOUR,P,
P60013430,CHOLLETT RICKY LEE,P,
P60013448,POTTER ARTHUR (ART) JOHN IV,P,
P60013455,DRAKE BRIAN PADRICK MR,P,
P60013463,COOPER LUKE ROBERT THOMAS,P,C00585281
P60013471,EXLEY JOHN SBB DOCTOR,P,C00585299
P60013489,CARTMAN ERIC,P,
P60013497,UN KIM JONG,P,
P60013505,DUFFY COLMAN JOSEPH MR,P,
P60013513,HUTCHINSON MATTHEW,P,C00585315
P60013521,MENZIE BRETT,P,
P60013539,GOODMEME JOHNNY,P,
P60013547,PEPE RAREST,P,C00585349
P60013554,LEAHY BRENNEN MICHAEL,P,
P60013562,YANCEY ITAI GEORDAE MR.,P,
P60013570,DICK TIPA DIS,P,
P60013588,BRADY KRISTYNA,P,
P60013596,THE SAVAGE WALT,P,
P60013604,MANIS ROBERT,P,C00586909
P60013612,ROHDE BRANDON CLARK,P,
P60013620,HOWARD CHELENIE,P,C00585414
P60013638,ERICKSON KEITH,P,
P60013646,ALLEN NICHOLAS ADAMS,P,
P60013653,RICH RANDY CLYDE,P,
P60013661,BROWN MARK ALAN,P,
P60013679,PICCOLA FRANK CARL,P,
P60013687,STEHM DANIEL,P,
P60013695,TROLLS WHY SO MANY,P,
P60013703,WISCHMEYER SCOTT EDWARD,P,
P60013711,SWANSON PARKER AKA P-SWANEY,P,
P60013729,GELADE CHRONO,P,
P60013737,NUTS CEEDEEZ,P,
P60013745,BALDWIN DUSTI,P,
P60013752,LEE ALEXANDER,P,
P60013760,GOULD MARCUS LEWIS,P,
P60013778,CHILDS-O'DOWD LOUIS ANTHONY MR,P,
P60013786,STONER MEGAN,P,
P60013794,A WANDRLUSTR DOT COM,P,
P60013802,WOZNIAK MARIO FRANCIS,P,
P60013810,DAD SOUTHERN,P,
P60013828,DOG MOOSE THE,P,
P60013836,POUND DICK YOUR MOM,P,
P60013844,VAINIK HUNTER OLIVER,P,
P60013851,ISHERE SECURITY XAT BIGBOY,P,
P60013869,DURRITOS JARRITOS,P,
P60013877,CARLTON ZEDEKIAH ALEXANDER,P,
P60013885,CARROLL GARRETT ALAN,P,
P60013893,GASTROCK JARED MICHAEL DR.,P,
P60013901,LAPAN KASEY RYAN,P,
P60013919,NORTHUP PETER MR. II,P,
P60013927,FSOCIETY FSOCIETY FSOCIETY FS FS,P,
P60013935,CUEVAS NICK,P,
P60013943,HAAG JOSHUA,P,
P60013950,BILLSHOT ELWOOD KIRK D MR. BAILEY,P,C00585513
P60013968,STEF MEL,P,C00585521
P60013976,MCGHEE ROBERT MR.,P,
P60013984,AMOROSO JACOB PATRICK MR.,P,C00585539
P60013992,ADDVENSKY MICHAEL EDWARD,P,
P60014008,COWSER MICHAEL,P,
P60014016,WANG AVIVA,P,
P60014024,SHEWBERT DUSTIN RYAN MR SR,P,C00585570
P60014032,MOUSE MICKEY,P,C00585588
P60014040,BOB AMBIGUOUS VII,P,
P60014057,WILSON RYAN,P,
P60014065,FERRISS JAMES HENRY DANEKER,P,
P60014073,KOST I ERIC ALBERT DAVID,P,C00585604
P60014081,SHANLEY BRIAN JAMES,P,
P60014099,SCHATZ BRENT THORN,P,
P60014107,JAMES TOBUSCUS,P,
P60014115,EVANS KEVIN,P,C00585620
P60014123,HOES BROS BEFORE,P,
P60014131,UNTERKOEFLER DYLAN MR.,P,
P60014149,BOSCHMA BRADLEY JERROLD,P,
P60014156,SHANNON-REASONER BARRY SUNSHINE,P,
P60014164,GUY CAPE,P,
P60014172,DERBY MATTHEW MR.,P,
P60014180,BUSH JORGE,P,
P60014198,SMITH RYAN,P,C00585703
P60014206,POWELL JOHN MARC,P,
P60014214,MITCHELL EMILY,P,
P60014222,TAUBE DERICK DEAN,P,
P60014230,FAKE THIS IS,P,
P60014255,DUFFY HUNTER,P,
P60014263,ALLEN BENJAMIN,P,
P60014271,HIP HOP FOR PRESIDENT,P,C00585067
P60014289,COOPER MATTHEW JAMES,P,
P60014297,MCMENAMIN DAVID A,P,
P60014305,BRANDENBURG JUSTIN MICHAEL,P,
P60014313,HICKMAN DAVID P. MR.,P,
P60014321,LENTS BRAYDYN GIOVANNI,P,
P60014339,DUBS DUB-,P,
P60014347,RAMIREZ JAMES ANDREW MR.,P,C00585786
P60014354,KNOWLES BEYONC? GISELLE,P,
P60014362,MINAJ NICKI,P,
P60014370,LUTOSTANSKI JEFF MR.,P,
P60014388,CLARK WILLIAM,P,
P60014396,COMLEY STEPHEN BRADLEY SR,P,C00585802
P60014404,BLANKA PINAR VOM,P,
P60014412,CAMPOS ALLEN EUGENE,P,
P60014420,WHY NOT ZOIDBURG,P,
P60014438,MOBLEY BYRON RUSSELL MR,P,
P60014446,AAAAAAAAAAAAAAAAAAAAAAAAAAAAAA AAAAAA,P,C00585869
P60014453,ADAMS THOMAS ALAN MR,P,
P60014461,ABLEIDINGER PHILL ALEXANDER,P,C00585851
P60014479,BORAY GIRIDHAR K DR,P,
P60014487,MATTINGLY BRANDON,P,
P60014495,EMERY JARED ALAN "FLASH",P,
P60014503,COBURN TANNER L,P,C00585935
P60014511,CRISPY JA',P,
P60014529,SPRUYT JAMES ANDREW MR,P,
P60014537,WALKER DAVID ROCKSTAR,P,C00591255
P60014545,COOK ERIC THOMAS,P,
P60014552,RUCKER AARON DWAYNE,P,
P60014578,HEMAUER RYAN B,P,
P60014586,COOPER DERRICK WADELL,P,
P60014594,NORTHCUTT GREEN,P,C00585992
P60014602,LIGHTNING WHITE,P,
P60014610,MCAVERAGE NORMAL,P,C00586024
P60014628,FALDRAGA SAMUEL,P,
P60014636,GALLO JEFF,P,
P60014644,MENGES RYAN M. SIR,P,
P60014651,NARNIA COCO,P,
P60014669,DOG SAMMY BJ,P,
P60014677,BEZEK CHRISTIAN,P,
P60014693,PEPPER DOCTOR,P,C00586123
P60014701,HUGGINS ANDREW NOBLE,P,
P60014727,EVERDEEN KATNISS MS.,P,
P60014735,MARTIN ANDREW NOMORECPD,P,
P60014743,FRIEZA LORD,P,
P60014750,MINIX ROBBY JAMES,P,
P60014768,PAYAN JESUS JR.,P,C00586172
P60014776,MCAFEE JOHN DAVID,P,C00602631
P60014784,DONELSON ANDREW,P,C00586198
P60014792,DRAKE WILEY SMEAD,P,
P60014800,TRAMP DONALD,P,
P60014818,ASS MMMM DAT MR.,P,C00586297
P60014834,BARO PARKER JOHN,P,C00586321
P60014842,PEASE JEFFREY SCOTT CAPTAIN II,P,C00586339
P60014859,MCSATANANTICHRIST CHILDEATER/MOLESTER,P,
P60014867,POONTANG OLE BISCUIT BARREL TARQUIN F,P,C00586347
P60014875,WELCH VICTOR M. W. REVEREND,P,
P60014883,LANGAN DOUGLAS GARRETT REV. DR.,P,
P60014891,DUMP TRONALD,P,
P60014909,ROBINSON JR JACK BURTON,P,C00586214
P60014917,ROBINSON CINDY ANN,P,
P60014925,JOY MATTHEW,P,
P60014933,RAMIE TIFFANY KISHWANDA,P,C00591438
P60014941,PRICE ROSS,P,
P60014958,BURWELL TROY,P,
P60014966,WALSH BRUCE MR,P,
P60014974,ORTIZ ANDREW RONALD,P,
P60014982,BRACKMAN BLOSSOM V,P,
P60014990,PINON GILBERT PAUL,P,
P60015005,DAITCH DAVID JAY MR,P,
P60015013,PENDLETON CATHY JOHNSON,P,C00586404
P60015021,BAXTER ADAM CRAIG MR,P,C00586420
P60015039,RITZ LEONARD,P,
P60015047,TERAN VIRGINIA MORALES MS,P,C00586313
P60015054,RUCINSKI GABRIEL,P,
P60015062,POPLIN SVEN,P,
P60015070,NUTZ HOLD MA,P,
P60015088,PULAK THABIT,P,C00586545
P60015096,HENNING GARY WAYNE MR.,P,
P60015104,HALLOWAY MARK ROBERT,P,
P60015112,QUINCEL ROBERT TODD,P,C00586586
P60015120,COFER DANE,P,
P60015138,COFER DANE TAYLOR,P,
P60015146,COFER DANE T. S.,P,
P60015153,PRESIDENT BANANA FOR,P,
P60015161,TAYLOR RYLAN,P,
P60015179,SOLTAU JOSEPH SHANE,P,
P60015187,IRIZARRY MICHAEL JOHN,P,
P60015195,WRIGHT JOHN MING THE MERCILESS,P,
P60015203,PALUMBO PAUL,P,
P60015211,KUSH BANANA DANK REVEREND,P,
P60015229,B LIL BASED GOD,P,
P60015237,BRYAN JOHN,P,
P60015245,JOSHI ANIK MR,P,C00586677
P60015252,CLARK JAYDEN MICHAEL MR,P,
P60015260,JNAWTS HUGH LXIX THA MC,P,
P60015278,HAKEEM JAWAD HASHEM,P,
P60015286,DRAGON MX. ACTUAL LITERAL,P,
P60015294,CAT COURTHOUSE D,P,
P60015302,TOPICZ JERRY,P,C00586784
P60015310,CANADA JOE,P,C00586792
P60015328,DAVIS LANCE UGLY NATION MR,P,C00586800
P60015336,BROWN KENNEDY KING MR.,P,C00586875
P60015344,CTHULU OURLORDANDSAVIOR DR.,P,
P60015351,BASIAGO ANDREW DANIEL,P,C00586933
P60015369,FIECHTNER F CHARLES ADAM SR,P,C00586941
P60015377,FIEDLER MICHAEL WILLIAM MD,P,C00586974
P60015385,RANDY SAVAGE GHOST OF MACHO MAN,P,C00586966
P60015393,ZAMANSKI JEFFREY,P,
P60015401,HYNES LIZ DANGER,P,C00586990
P60015419,KOPITKE KYLE KENLEY DOCTOR,P,C00588293
P60015427,AREVALO NORMAN,P,
P60015435,RODRIGUEZ JAMES WARD,P,C00587089
P60015443,CHILDS STEVEN LEE MR.,P,
P60015450,SCHULTZ ADAM,P,
P60015468,KENG$ SWAGMASTA420 SIR,P,
P60015476,MARSTON DAVID L SR,P,
P60015484,MOORE KOEN ROBERT,P,
P60015492,GREZEBYK KANDY KAY,P,
P60015518,RAMSEY JOANTHAN ANDREW,P,
P60015526,FAHL MICHAEL TRAVIS,P,C00588343
P60015534,HINKLE GARY CHARLES,P,C00587238
P60015542,HEINEMANN THOMAS GEORGE,P,
P60015559,COLEMAN KEVIN,P,
P60015575,WEENUR DREW P.,P,
P60015583,BALLS KC MATZO,P,
P60015591,MCGEE ROBERT DERK,P,C00587311
P60015609,BEEBE JAMES WESLEY DR,P,C00587402
P60015617,JONES ELVIS BUBBA,P,C00587428
P60015625,LACOMB RODNEY DALE MR,P,
P60015633,HONEST LEZBE,P,
P60015641,HUSTUS TREVOR JAMES,P,
P60015658,WESTERVELT HAROLD POPE III,P,
P60015666,AKAINU SAKAZUKI F ADMIRAL,P,
P60015674,DEATHBRINGER LESALE VENOMANCER,P,
P60015682,CARR?T BUNNY H. MS.,P,
P60015690,PHILLIPS CHRIS MR.,P,C00587204
P60015708,KHANNA BENJAMIN ANTONIO,P,
P60015716,LYNCH WILLIAM CHARLES,P,C00587550
P60015724,BURKE STEVE,P,
P60015732,HAWK JEFFREY A,P,
P60015740,O'NEILL BRIAN,P,C00587568
P60015757,TRACY ROBERT BRUCE,P,C00588590
P60015765,ENNIS P DR. JR,P,
P60015773,MANELSKI DEVON MARCUS,P,C00587642
P60015799,ELMORE CURTIS MARLOW MR.,P,C00587675
P60015807,COOK TIMOTHY,P,
P60015815,JACKSON KRIS,P,
P60015823,SCHROADER KEITH PATRICK DR,P,
P60015831,OLSON BRADY,P,
P60015849,HUMPHREYS DEVIN,P,
P60015856,DUNCAN JASON MICHAEL,P,
P60015864,WILLMON PAUL RYU MICHAEL,P,
P60015872,JACKSON MYRON LAWRENCE HOLY,P,
P60015880,WELLY JELLY,P,
P60015898,LANDE CLARK MICHELLE MARIE MRS.,P,
P60015906,THIRSK ERIK JOHN,P,
P60015914,SLAYDON NICHOLAS,P,
P60015922,LEE THOMAS PAUL,P,C00587915
P60015930,SWIFT TAYLOR,P,
P60015948,WILLIAMS SAUL III,P,
P60015955,DEWEY JARED ALEXANDER,P,
P60015963,KENDALL ALAN JAMES,P,
P60015971,EBY CHANDLER KADE,P,C00587949
P60015989,KUSH GEORGE W MLG,P,
P60015997,SERINO CHRISTIAN THOMAS,P,C00587956
P60016003,WESTRTHOSE KANYEWHAT DEEZNUTZ KANYE T,P,
P60016011,SUPRUN DANIEL FRANCIS MR,P,
P60016029,NIELSEN BAILEY,P,C00587998
P60016037,SIMONSEN DARIAN,P,C00587980
P60016045,OLIVER TATE,P,C00588004
P60016052,HOUK GRIFFEN,P,C00588020
P60016060,MARSHALL KYLE,P,C00588012
P60016078,RUBERTT RUSSELL JR,P,C00588038
P60016086,COULTER AUSTIN ALLEN MCEWAN,P,C00588046
P60016094,YATES PRESLEY R,P,C00588053
P60016102,CARPER KYRSTIN,P,C00588079
P60016110,BENTLEY JAMES,P,C00588061
P60016128,WALLETTE SAMANTHA,P,C00588087
P60016136,WHITE CHANDLER,P,C00588095
P60016144,WHITE PARIS,P,C00588103
P60016151,EASTMAN PHELAN,P,C00588111
P60016169,DAVIS JEREMY,P,C00588129
P60016177,MALESIC JACOB WYNN,P,C00588137
P60016185,CATE ANTHONY,P,C00588160
P60016193,OLIVER TIARA ASHLEY,P,C00588145
P60016201,HELLSTROM JACK HENRY ALLEN,P,C00588178
P60016219,POLLOCK LINDSY,P,C00588186
P60016227,DORSEY CHASE,P,C00588194
P60016235,RILOMETO JELTON,P,C00588202
P60016243,WADSWORTH MIKAYLA,P,C00588210
P60016250,DITTMAN MEGAYN  ASHLEE,P,C00588228
P60016268,A$$ DAT PHAT,P,C00588236
P60016276,HARRIS KELVIN KEITH MR.,P,
P60016284,OSKAR SOHAM JOSH MORDECAI JAY PRAGOON,P,
P60016292,SCHWEIGERT MARGARET ELIZABETH,P,C00589168
P60016300,HABJAN JOHN,P,C00588269
P60016318,LOLMYNAMEISJON @,P,
P60016326,ABABIY JON,P,
P60016334,DUTZ NEEZ MR.,P,
P60016342,DE  LA  FUENTE ROQUE ROCKY,P,C00588426
P60016359,SHARK LEFT,P,C00588442
P60016367,GARCIA MALISIA,P,
P60016375,LEONHARDT SHAWN,P,
P60016383,KITTINGTON VALMA,P,C00588541
P60016391,CORRY MATTHEW,P,
P60016409,RUDEEN ARRON,P,C00589127
P60016417,HEYDARI NICOLE MARIAM,P,
P60016425,GREEN DON,P,
P60016433,ALLEN ALICE,P,
P60016441,THOLE LUKE ANTHONY,P,
P60016458,WEBBER DAVID A,P,C00590042
P60016466,NEGLE THOMAS EDWARD,P,
P60016474,HORISK ETHAN MR.,P,
P60016482,MOGYOROSSY JULIUS E.,P,C00588798
P60016490,KUBACH NATHAN K,P,
P60016508,HALE JOHN DAVID,P,C00588830
P60016516,DUROUSSEAU JAYLEM LORENZ ALLEN,P,
P60016524,OBERDOVE JESSE,P,
P60016532,MISSELT STEVEN ERIK,P,
P60016540,SALEH KASSEM RICHARD MR,P,
P60016565,AREF FAHIM FAHIM JR,P,
P60016573,SIMMONS RICHARD TEAGLE,P,
P60016581,KAZOO FREDRICKSON ASSHAT,P,
P60016599,RAY GENE DR.,P,
P60016607,STONE CARY ALLEN MR.,P,
P60016615,EVERS JOSHUA,P,
P60016623,SMITH MICHAEL,P,
P60016631,HITLERDID NOTHINGWRONG,P,
P60016649,BUSHDID 9/11,P,
P60016656,BERMAN FONZI,P,
P60016664,COXWELL KIRSTEN,P,
P60016672,JOHNSON BORIS DE PFEFFEL RT. HON. MP,P,
P60016680,FIGUEROA EDWIN MR,P,
P60016698,BEELER MATTHEW DALE "EBOLA",P,
P60016706,DEBATE EMBRACE THE,P,
P60016714,MAO ANDREW,P,C00589143
P60016722,HOTOP TIM,P,C00589150
P60016730,REECE LEVI GARRETT,P,
P60016748,JIMENEZ COMETA,P,
P60016755,TOLERTON NICHOLAS,P,
P60016763,LOUP TONY,P,
P60016771,SAMUELSON VIRGIL FARLY MR.,P,
P60016789,CENA JOHN,P,
P60016797,DIETRICH  GEORGE II,P,
P60016805,MCMILLAN JIMMY "RENT IS TOO DAMN HIGH,P,C00589457
P60016813,CONRAD,P,
P60016821,NUNN BRETT A,P,
P60016839,BERGEVIN RHETT RAYMOND,P,
P60016847,KICKS MINISTER,P,
P60016854,POPE MARTIN NEAL,P,
P60016862,OELTJENBRUNS THOMAS COLE,P,
P60016870,MORROW ERECK DANIEL MR.,P,
P60016888,BORING PAIJ,P,C00590653
P60016896,MILLER JASON,P,
P60016904,CLARK SANTA ROY ALLEN,P,C00589697
P60016912,EPLEY DAVID JACKSON,P,C00589705
P60016920,PRAG CHOMI,P,C00589762
P60016938,HART CHRISTOPHER J MR.,P,
P60016946,MARTIN DANNY WAYNE,P,C00589812
P60016953,EGNOR JAMES,P,
P60016961,GIBBS NEVEN LEE SGT. FR.,P,
P60016979,MATHESON RICHARD LEE MR,P,
P60016987,GRAUMAN BARRY,P,
P60016995,LAPOINTE KEITH MR,P,
P60017001,NYARLATHOTEP CRAWLING CHAOS THE,P,
P60017019,SUMMERS BUFFY ANNE,P,
P60017027,MARKS STEPHEN MR.,P,C00590109
P60017035,SILVA ROD MR.,P,
P60017043,HUETTL JEFF ALLAN,P,
P60017050,WALTERS JENNIFER,P,
P60017068,NATION CARRIE,P,
P60017076,GOLDMAN EMMA,P,
P60017084,LIKECAILLOU SWAGSWAG,P,
P60017092,MARTOWSKA MATTHEW,P,C00590232
P60017100,VALENTINE JAMES,P,C00590273
P60017118,PEARSON DENNIS,P,
P60017126,ALLEN BRIAN CLIFFORD MR.,P,
P60017134,VANN AARON NACNAN,P,
P60017142,TOPPING BRIAN KEITH,P,C00590323
P60017159,CHRIST JESUS,P,C00590232
P60017167,SKYWALKER ANAKIN,P,C00590497
P60017175,BECKER ANTHONY MARK,P,
P60017209,PRYBER CYNTHIA LOUISE MS,P,
P60017217,EDWARDS LA RESA,P,C00590521
P60017225,LILPUP LUCY CHIMI MRS.,P,
P60017233,GAVIN TIMOTHY EUGENE MR JR,P,
P60017241,BEDIO DENISE,P,C00590612
P60017258,MUCCI JOSEPH,P,
P60017266,JEKYLL DR.,P,C00590596
P60017274,IRWIN PATRICK ROBERT,P,
P60017282,DAVIS GARY GENE,P,C00445445
P60017290,CAVAZOS CYNTHIA T. MS.,P,C00590281
P60017308,KALE STEPHEN DR.,P,C00590679
P60017316,CHAN CURE,P,
P60017324,VADER DARTH,P,C00590687
P60017332,MARTIN HARVEY MR.,P,
P60017340,HEDGES JAMES ARTHUR,P,
P60017357,FROG KERMIT,P,
P60017365,DODDS WILL,P,
P60017373,HURTEAU PAUL ROSAIRE,P,C00590737
P60017381,MANNING KEVIN PAUL,P,
P60017399,MATOUSEK MARK THOMAS DR.,P,C00590794
P60017407,SISLER JESSE,P,
P60017415,HARPER STEPHEN,P,
P60017423,LYNCH JAMES P SR,P,C00591529
P60017431,CARTER-GUTIERREZ KRISTIE ALANA MRS.,P,
P60017449,DE MARCO GUY ANTHONY,P,
P60017456,TOLBERT ROBERT LEE MR,P,C00593178
P60017464,OCONNOR MATTHEW BRENDAN,P,
P60017472,SUBER DEXTER,P,
P60017480,BONGARDT BRUCE DAVID,P,C00590992
P60017498,KNAUB BILLY,P,C00592444
P60017506,MONTAIGNE ETHAN JACK THE TRAIN MR,P,C00591016
P60017514,MONTAIGNE ETRAIN MR,P,
P60017522,WALLS JIMELLE LEANNA,P,
P60017530,LOGSDON JACK LOUIS,P,
P60017548,SNOEYINK NOLAN,P,C00591081
P60017555,VOLZ-HAZEL MARILYN MICHELLE,P,
P60017563,PETERSEN AUSTIN WADE,P,C00592790
P60017571,COSTELLO LAGOON THE DOLPHIN MR.,P,
P60017589,SCHILLER BRAD DR.,P,
P60017597,ROSE RUBY SUMMER MADAME III,P,
P60017605,BROWN TONY MICHAEL,P,C00591487
P60017613,HENAO DARREN MR. BIGDEE,P,C00591545
P60017621,EPPERSON JOHN EDWARD MR. III,P,
P60017639,HAJILE NOTLIMAH NAMKCALB,P,
P60017647,CRITIC NOSTALGIA,P,
P60017654,QUAID MARVEL JACK,P,
P60017662,MORISSON SAMUEL JOSEPH DENIS COLM,P,C00591560
P60017670,O'NEILL JAMES J,P,
P60017688,HALL DAVID EAMES,P,C00592352
P60017696,STEPHENS HERBERT MURRAY,P,C00591677
P60017704,ZORN ROBERT ERWIN,P,C00591693
P60017712,FROHMAN MARK FREDRIC PHD,P,
P60017720,MEEK SCOTT ALLEN,P,
P60017738,ROSE CINDY ELLEN MS.,P,
P60017746,CHAPPELL CHRISTOPHER A,P,
P60017753,HIROSE KOICHI,P,
P60017761,ULTRAPERVERT DJ,P,C00591818
P60017779,PINEDA ROY,P,
P60017787,SNACKBAR ALLAH M,P,
P60017795,NOTBRUCEWAYNE BATMAN,P,
P60017803,THE COCKROACH ZORRO,P,
P60017811,SLATER JEFFREY MR.,P,
P60017829,VOICE STUDENT,P,
P60017837,ALLEN JEREMIAH EDWARD,P,
P60017845,HUEY KEVIN GLENN,P,C00592402
P60017852,ROBERTS CLIFTON LEE MR.,P,C00595173
P60017860,GREUTER CLIFTON G,P,C00591941
P60017878,BURKHARDT HELEN DR.,P,
P60017886,HODGES SUMAYAH,P,
P60017894,FALKENBERG PAUL ROBERT,P,
P60017902,WALLACE JOHN STEPHEN,P,
P60017910,MCALLISTER RENEE BETH,P,
P60017928,MANN ROBERT L,P,C00592121
P60017936,HAMMOND EMANUEL D'CLAIBORNE,P,
P60017951,RYAN SEAN CRAWDADDY,P,
P60017969,ROWE BRANDON CORNING MR.,P,
P60017977,JACKSON CRAIG ASHLEY DR. JR.,P,C00592642
P60017985,SZATHMARY DANIEL WILLIAM,P,C00592394
P60017993,SHRUM ROBERT MR.,P,C00592410
P60018009,REEVES RANDALL DEAN,P,
P60018017,SOLTYSIK EMIDIO,P,C00599936
P60018025,CURL TRAVIS L.,P,
P60018033,JENSEN NATHAN DAVID MR.,P,
P60018041,LEGAN JAMES DAVID,P,
P60018058,MATHIAS LONNIE WAYNE,P,
P60018066,WEST KEVIN ANTHONY MR,P,
P60018074,MARSHALL SHANT ANTOINE,P,
P60018082,WILSON STEVEN,P,
P60018090,DADDY DISCO,P,
P60018108,BUCKET BOB,P,
P60018116,STEWART MARK,P,
P60018124,RUDEEN AARON KENNETH,P,C00589127
P60018132,DOYLE COLIN B,P,C00592782
P60018140,FOR PREZ YODA,P,
P60018157,STARWARS YODA,P,
P60018165,MYERS J.R.,P,C00593269
P60018173,PLEASE BITCH,P,
P60018181,BICH PHUC DAT,P,
P60018199,FLOWERS JASON MICHAEL,P,
P60018207,CHEESE FOOT,P,
P60018215,HAGERTY TIMOTHY SHAWN MR.,P,
P60018223,PARKER JOHN STANLEY,P,
P60018231,KNIGHT DAVID DREW,P,C00592907
P60018249,MALDONADO JOSEPH A,P,C00612077
P60018256,FIELDS KENNETH J,P,
P60018264,WILLIAMS GUS MR.,P,C00594580
P60018272,STEELE ROBERT,P,C00593004
P60018280,NASH JAMES ELBERT,P,C00593152
P60018298,WHANG EDWARD SUNG,P,C00593236
P60018306,BUTLER NORMAN DOUGLAS,P,C00593277
P60018314,HAZZARD SHANNONN MONROE,P,C00596924
P60018322,JONES EDWARD CLAUDE,P,
P60018330,VALENTINE STANLEY R,P,
P60018348,MELGAR ANTONIO ORLANDO,P,
P60018355,WEINRIB ERIC,P,
P60018363,WOODARD CHAD MR.,P,C00610725
P60018371,GLASGOW NATHANIEL,P,C00593533
P60018389,ROY JOHN CHARLES,P,C00593541
P60018397,GRIBBINS CHRISTOPHER A,P,
P60018413,SKELETAL MR THANK,P,
P60018421,COURTOIS DAKOTA,P,C00594598
P60018439,PRESENT THE GHOST OF CHRISTMAS MMXV,P,
P60018447,TEA CAROL,P,
P60018454,YOUNG KENNETH,P,
P60018462,DEMARCO ANGELO THOMAS,P,C00599100
P60018470,SIMMONS BENJAMIN ANDREW MR.,P,
P60018488,COPEN KAREN,P,C00595736
P60018496,MORRISSEY JOHN FRENCH MR.,P,C00596809
P60018504,LUNGO ROBERT FRANCIS,P,C00596908
P60018512,GRUMP MISTER,P,
P60018520,HARRIS ARTHUR MICHAEL,P,C00596965
P60018538,SAGARIBAY JEREMY DIEGO MR.,P,C00596981
P60018546,EINSPAHR KELVIN WALTER MR.,P,
P60018553,CEDENO ALBERTO A1 MR.,P,C00610824
P60018561,STEINBROOK MICHAEL LEE,P,
P60018579,MCCOY MAX CAT,P,
P60018587,TOPPIN GABRIEL RYAN MR. 1ST,P,
P60018595,GOAT ANUS THE,P,
P60018603,SELIM RIMON MR.,P,
P60018611,JACKSON DENNY CARROLL,P,C00597047
P60018629,XIMENEZ NICHOLAS,P,
P60018645,STAHLE RAYMOND LYNN MR,P,
P60018652,DEFAZIO ANTHONY LOUIS,P,
P60018660,PUTIN VLADIMIR,P,
P60018678,GRISKIE CHRISTIN NOEL,P,C00599415
P60018686,ROSS BOB,P,
P60018694,BELCHER RAMEY,P,
P60018702,BARBINE MICHAEL W.,P,
P60018710,PURDY MASON ALAN,P,
P60018728,AISHI AYANO,P,
P60018736,ANTICHRIST THE,P,
P60018744,BACKUS ALAN LESTER,P,
P60018751,WEBB-ALJALAL AMI MERRIE,P,
P60018769,SMITH WILLIAM ROGER,P,C00611095
P60018777,KAYSER LUCY LOU MAYOR,P,
P60018785,WANG BILL MR.,P,
P60018793,TESTICLES TOY,P,
P60018801,MOYOWASIFSA-CURRY SEDINAM KINAMO CHRI,P,C00600924
P60018819,FOURPOUNDER CRACKED,P,
P60018827,TSE FELIX MR.,P,C00600957
P60018835,TRUMP THE MUSLIM DICTATOR,P,
P60018843,DAVID ABRAHAM JOSEPH MR,P,
P60018850,UTTER ELI,P,
P60018868,LIEGH ZACHARIUS,P,
P60018876,HYMAN SCOTT,P,
P60018884,CHRIS D ROCKMAN JESUS IRON MAN MR. JR,P,
P60018892,SUCK PONZI SCHEMES,P,
P60018900,WOOLSEY JAMES CURTIS,P,C00610659
P60018918,NORWOOD QUINON MARVIN MR. IV,P,C00602730
P60018926,AUSTIN DOROTHY JAMES,P,
P60018934,HAMMEL BRIANNA MAYANN,P,
P60018942,SPEARS LINDA MARIMARIE,P,C00602961
P60018959,SANTOS CHRISTOPHER SR.,P,
P60018967,SLOCUM HARLEY DAVID,P,
P60018975,MCCARTHY STEPHEN JOHN,P,
P60018983,NIKLAWSKI ANDREW,P,C00603035
P60018991,TRUMP DON'T VOTE FOR,P,
P60019007,ROGERS STEPHEN ANDREW MR.,P,
P60019015,MANDELA BARACK OBAMA MR.,P,
P60019023,CLARK KYLE RYAN MR,P,
P60019031,FISCHER JASON A,P,
P60019049,JOESTAR JOHNNY,P,
P60019056,ZEPPELI GYRO,P,
P60019064,NERO DIANE,P,
P60019072,SUDDUTH PAUL ALLEN MR. II,P,C00603357
P60019080,MCCALL BENSON MR,P,C00603399
P60019098,SORENSON JILLIAN MISS,P,
P60019106,HAWES CALVIS L,P,C00607085
P60019114,MORRIS LAIO CHANTELLE,P,C00603613
P60019122,ATKINSON WILLIAM FLOYD MR.,P,
P60019130,MCDOWELL ALYSSA DARA MS.,P,C00606913
P60019148,PATER JEROEN,P,C00604181
P60019155,ARNOLD-GALATI AIDAN DONAVON,P,
P60019163,WANG STANLEY,P,
P60019171,SAYWARD ERIC,P,
P60019189,MARADIANOS PETE,P,C00609487
P60019197,FOX POGE _,P,
P60019205,FINCH AUDEN HENRY MR. ESQ.,P,
P60019213,NAYLOR KATIE D,P,C00605501
P60019221,HOUSTON MATTHEW MONTGOMERY,P,
P60019247,TIMMY TIM,P,
P60019254,MAILLOUX LUCY ISABEL MRS,P,
P60019262,OSTROW BEN,P,C00605964
P60019270,PESCAROLO DYLAN JACOB,P,
P60019288,OF LEPPERT MICHAEL ANDREW DUKE,P,
P60019296,CARREON EMILIO,P,C00606491
P60019304,ADAMS PAUL R,P,C00606830
P60019312,WILLIAMS JULIAN ALPHONSE,P,
P60019320,AVERSA RICHARD MR.,P,
P60019338,MICHLER THOMAS EDWARD,P,
P60019346,ESTRADA LUIS CARLOS MR.,P,
P60019353,SELEY MICHAEL TRINH MR.,P,
P60019361,FAMILONI TAIWO JACOB,P,
P60019379,BUCKINGHAM LUKE,P,
P60019387,LAYTON NYLE BENJAMIN MR,P,
P60019395,L'EFFETPAP' SUR CANAL+,P,
P60019403,ZELAYA DANNY,P,C00604413
P60019411,AL? N?R? M?RZ? &#7716;USAYN PROPHET,P,
P60019429,WEED DANK ASS,P,
P60019437,DEPEW JENNIFER ROBIN MS R.D.,P,C00607580
P60019445,WARLORD STOCK LUTHER T. THE MERCILESS LIEUTENANT RIDICULOUS,P,C00607598
P60019452,PIERCE GEORGE VINCENT,P,
P60019460,WEGRZYNOWSKI JEFFREY ALLEN DR,P,
P60019478,NEWMAN DAN POE MR,P,C00607614
P60019486,GROTH EDWARD TIPTON,P,
P60019494,ZITELLO TAMORA V,P,
P60019502,KARPACS GEORGE A,P,
P60019510,REN KYLO,P,
P60019528,ARLINE FREDERIC LEE,P,
P60019536,JILMORE GIM,P,
P60019544,SHWARTZ FELIPE,P,C00607911
P60019551,PCOLA JOSEPH CASH,P,
P60019569,COHEN LARRY JOE (LAWRENCE),P,
P60019577,KIEVMAN MEIKO MIYAGAWA,P,
P60019585,SPICER LUKE GREGORY BIXBY MASTER,P,
P60019593,FRANZE JOSEPH BRIAN,P,C00608018
P60019601,PCOLA SKYLAR TRISHA ALLISON HOLLY,P,
P60019619,KENNELLY KRISTEN,P,C00608190
P60019627,RAFF RIFF,P,
P60019635,WADE ASHTON,P,C00608208
P60019643,YAVDAQ QAMDU'DAJ LIS GHARGH JE NUJ TI,P,
P60019650,LUCKETT ANTHONY,P,C00608679
P60019668,GEORGE JEFF,P,C00608653
P60019684,WALTZ SHAWN JEFFERY,P,
P60019692,BARZ MICHAEL THOMAS MR.,P,C00608794
P60019700,WEBSTER ROBERT RONALD JR,P,
P60019718,DUNBAR MARK OWEN MR,P,C00608893
P60019726,D-23 MEGATRON THE,P,
P60019734,REMLIN LOUIS,P,
P60019742,KETENBRINK BILLY,P,
P60019759,GOD FOR PRESIDENT,P,C00611038
P60019767,O'GRADY TREVOR MICHEAL DEVEN,P,
P60019775,BARANOWSKI MICHAEL KAZIMER,P,
P60019783,FLAHERTY FINN MR.,P,C00610014
P60019791,MOOYE ALAMYE,P,
P60019809,PEREA DANIEL,P,
P60019817,WILLIAMS III LINEL,P,
P60019825,LILLY LAMONT,P,
P60019833,BATCHER SCOTT GERALD,P,
P60019841,GRAY-OR ELSE JUST HOSANNA JESSE OLIVE,P,C00609271
P60019858,FAULHABER CHRISTOPHER M,P,
P60019866,YORK AMOS DALTON,P,
P60019874,EICHOLTZ LILLY JEWEL MS.,P,
P60019882,RAY MICHAEL ROBERT,P,
P60019890,CLEMENTS THOMAS PATRICK,P,C00609503
P60019908,DANIEL DAMN,P,
P60019916,WELDEMICAEL HENOK ATO,P,
P60019924,LAMONT JOSEPH RYAN,P,
P60019932,MORCHAK CHRISTOPHER CARNEY,P,
P60019940,THOMAS MARY MS,P,C00609628
P60019957,VANS DANIEL WHITE DAMN.,P,
P60019965,ADAMS III PHILIP MONROE,P,C00609685
P60019973,HOPKINS RICHARD PAUL,P,C00609818
P60019981,HAMMOND EMANUEL DCLAIBORNE MR NONE,P,
P60019999,OTIS JAMES LAMBERT,P,
P60020005,HYDROX COOKIE,P,C00609982
P60020013,ZANUSZZI WALTER J III,P,
P60020021,RANCK CONNOR JORDAN,P,
P60020039,WINSLOW ROLAND KING II,P,
P60020047,VAN DUREN GABRIEL ELIAS,P,C00610196
P60020054,DEAL GARY DEAN MR.,P,
P60020062,STARBUREIY LINK,P,
P60020070,FRANKU PAPA,P,
P60020088,GOELLNER JOSHUA JAMES,P,C00610469
P60020096,LANTZ TOM,P,
P60020104,ZARIKTA DAVID MR,P,
P60020112,ANGRA KRISH,P,C00611723
P60020120,NELSON EDWARD,P,
P60020138,PACICH DANIEL MICHAEL,P,
P60020146,D'AURA JOHN "KINGTAMER",P,
P60020153,SMITH JUSTIN N,P,
P60020161,MATTFLORES THE MR. ESQ.,P,
P60020179,PLOEGER JEREMY LEE,P,C00610733
P60020187,CALDWELL SCOTT PIPER LTC (R),P,C00610741
P60020195,GUSTAFSON JOSHUA,P,
P60020203,DRUMPF DONALD J.,P,
P60020211,HALL JR THOMAS DAVID,P,
P60020229,HALL JR THO D.,P,C00610774
P60020237,FLANDERS DAVID EUGENE,P,
P60020245,MCCORMICK KEVIN,P,
P60020252,RODNE ERIK J.,P,C00610865
P60020260,ALKHAIBARI JAMAL ASKER,P,
P60020278,GEIGER MATTHEW,P,C00609578
P60020286,LINCOLN ABRAHAM,P,
P60020294,GLASER DANIEL G,P,C00611954
P60020302,WATROUS ESTHER JANE,P,
P60020310,SNIDER GEORGE NORTON,P,
P60020328,SIMMONS HARLEY SPIDERMAN,P,
P60020336,MARSHALL NOONE DANGER REVEREND,P,
P60020344,WILLIAMS SUNEETA,P,
P60020351,CARVIN JAMES DOMINICK,P,
P60020369,ZEMAN HEIDI KRISTEL UHLHORN O''BRIEN,P,C00612598
P60020377,SINGLETON MONROE PIERCE,P,C00611228
P60020385,MITRO CHRISTOPHER FRANCIS,P,C00611277
P60020393,LAU RYAN,P,
P60020401,DRESCHER DYLAN,P,
P60020419,WALLACE KELSO DAVID,P,
P60020427,MACY EDWARD MR,P,C00611392
P60020435,WATSON ANTONIO SR,P,C00611426
P60020443,CORWINE THOMAS WILLIAM MR,P,
P60020450,DEGOR BAWN,P,
P60020468,RENOWITZKY CARL A.,P,
P60020476,PIERCE DAVIS GEORGE MR,P,
P60020484,WYSINGER DEMETRA JEFFERSON,P,C00611616
P60020492,ROMAN DICK DI,P,
P60020500,ROBINSON JOHN PAUL WESLEY III,P,
P60020518,COOMBS MICHAEL ERIC,P,
P60020526,BENOVITZ YONI,P,
P60020534,STEPHENSON MICHAEL,P,
P60020542,KELLER JOSH,P,
P60020559,MATTISON HALEN MR.,P,
P60020575,ROBINS FRANKLIN DELANO MISTER JUNIOR,P,
P60020583,HAMILTON ALEXANDER,P,
P60020609,POTATO PAUL Y MR.,P,C00612333
P60020617,PERRY BRIAN A MR,P,
P60020625,PALPATINE EMPEROR,P,
P60020633,COMMANDER COBRA,P,
P60020641,INDIANA TARA MISTRESS,P,
P60020658,WALLACE S RON MR,P,
P60020666,MANN TROY,P,
P60020674,SANCHEZ JAMIE ROSS,P,
P60020682,WEYER JASON,P,
P60020690,ABLO ANDY,P,C00613554
P60020708,ACOSTA MARIO,P,
P60020716,SHORE MATT S,P,
P60020724,KELLEY DAVID,P,C00613505
P60020732,KAUFHOLD LAWRENCE ROBERT ALPHA OMEGA,P,C00612937
P60020740,REAGAN SUPER,P,
P60020757,BUCHANAN ROBERT LEWIS MR.,P,
P60020765,BEATTY KEVIN WILLIAM,P,C00613109
P60020773,BUNNY SOUL,P,
P60020781,SMITH MICHAEL LYNN,P,C00614404
P60020799,GYRION LARRY MR,P,
P60020807,WASHINGTON GEORGE,P,
P60020815,ALVAREZ KENNETH MR. JR.,P,C00613570
P60020823,HANNLEY GREGORY,P,
P60020831,DUNHAM KEENAN WALLACE,P,C00613687
P60020849,FRENCH WILLIAM D,P,
P60020856,LYNCH JOSEPH TIMOTHY,P,
P60020864,REEVE CALEB DAN,P,
P60020872,RAMIREZ ANTHONY GODFATHER,P,
P60020880,DEMOTT D D,P,
P60020898,ARENA ROBERT JOSEPH MR. JR.,P,C00614131
P60020906,AUBIN MARK-CHRISTIAN ANTHONY MR,P,C00614107
P60020914,WARREN DANIEL KEITH,P,
P60020922,BOLES SKY ERRAEN,P,
P60020930,BARTMAN JEREMY EDWARD MR,P,
P60020948,SHANNON MICHAEL PATRICK,P,C00613901
P60020955,KRAMER BRIAN ALLEN,P,
P60020963,SOOD AJAY,P,C00614727
P60020971,VAN BUSKIRK ZACHARY CARROLL MR.,P,
P60020989,BENOIT JOHN PIERRE DAVID,P,
P60020997,KOELLNER ERIC A.,P,C00614750
P60021003,GARREN STEPHEN EARL MR,P,
P60021011,GIBSON JENNIFER ANGELIQUE,P,
P60021029,FINNEY JAMES R JR,P,
P60021037,LAWRENCE-OSORIO NIISA,P,C00614941
P60021045,NEILSON SEAN THOMAS,P,
P60021052,SWETMAN JAMES T,P,
P60021060,MOHR ELMER S,P,C00615062
P60021078,BLAUT JAKE ROBERT,P,
P60021086,HEY HE STOLE THAT GUY'S PIZZA,P,
P60021094,ELSASS LUNA LILYBEE CAT,P,
P60021102,CASTLE DARRELL LANE,P,C00615526
P80000268,CARTER WILLIE FELIX,P,C00202176
P80000672,HOFF SAMUEL B DR,P,C00499681
P80001456,HENRY JOHN ROBERT,P,
P80001571,TRUMP DONALD J,P,C00580100
P80003031,MEADOWS SHERRY A,P,C00421743
P80003114,BLYTH JOHN DOUGLAS,P,C00576827
P80003205,MERCER LEE L JR,P,C00428599
P80003221,CAESAR PRESIDENT EMPEROR,P,C00429514
P80003239,SAVIOR OLE',P,C00561613
P80003379,GILMORE JAMES S III,P,C00582668
P80003478,HUCKABEE MIKE,P,C00577981
P80003544,GRAHAM MARK BLAIR,P,C00495739
P80003635,MITCHELL JAMES CREIGHTON JR,P,C00432120
P80003643,ELLIOTT CLAIRE ELISABETH,P,C00432138
P80003734,LEE MONROE,P,
P80003916,POWELL MICHEL ANISSA I,P,C00459107
P80003957,BAILEY GEORGE BRENT JR,P,C00560250
P80004021,SHEPARD JACK EDWARD,P,C00433367
P80004120,BILLINGS-ELIAS CHRISTINA GERASIMOS,P,C00602680
P80004237,VAUGHN CORROGAN R,P,C00434522
P80004328,PINNAVAIA MATTHEW D,P,C00565101
P80004344,BORMAN MATTHEW JAY,P,C00435511
P80004567,LYNCH FRANK,P,C00592105
P80004617,HOWARD ALBERT,P,C00438275
P80004641,SMITH RHETT R,P,C00582874
P80004765,HEWES HENRY,P,C00592626
P80005010,POWELL SAMUEL LYNDELL,P,
P80005077,BOSS JEFFREY HARLAN,P,C00463463
P80005101,HOINOSKI DALE,P,C00566125
P80005341,BRANNAN CHARLES GORDON,P,C00516690
P80005366,CROSS KENNETH ROBERT,P,C00446526
P80005564,EDWARDS KATEE,P,
P80005572,LA RIVA GLORIA ESTELA,P,C00590000
P80005689,CHARLSON REGINALD THOMAS,P,C00452540
P80005713,CRIVEAU JAMES DENNIS,P,C00462168
P80005762,MCNEIL ROBERT A (BOB),P,C00573907
P80005770,VENTURA ANDRE F,P,
P80005838,SIMS GREGORY,P,C00588848
