C00171538,LAROUCHE CAMPAIGN,P,P60000452
C00188888,INDEPENDENT DEMOCRATS FOR LAROUCHE,P,P60000452
C00202176,WILLIE CARTER FOR PRESIDENT COMMITTEE,P,P80000268
C00214999,JERRY CARROLL COMMITTEE FOR PRESIDENT,P,P00000679
C00283325,DEMOCRATS FOR AMERICUM,P,P00000729
C00297259,COMMITTEE TO ELECT FRANK STARR PRESIDENT,P,
C00302919,KEITH RUSSELL JUDD FOR PRESIDENT OF USA 2016,P,
C00303214,ALAN KEYES FOR PRESIDENT '96 INC,P,P60003076
C00304014,COMMITTEE TO ELECT DAVID J MORASCINI PRESIDENT,P,
C00329706,LAROUCHE'S COMMITTEE FOR A NEW BRETTON WOODS,P,P60000452
C00341719,RANDY CROW FOR PRESIDENT,P,P00003343
C00341750,CAMPAIGN TO ELECT LARRY K REED UNITED STATES VICE PRESIDENT THE UNCORRUPTIBLE COMMITTEE,P,P00003772
C00342774,BAUER FOR PRESIDENT 2000 INC.,P,P00003491
C00346163,KEYES 2000 INC,P,P60003076
C00363440,VERNON WELKER FOR US PRESIDENT COMMITTEE,P,
C00364091,LAROUCHE IN 2004,P,P60000452
C00378125,DEAN FOR AMERICA,P,P40002214
C00384073,EDWARDS FOR PRESIDENT,P,P40002347
C00384388,SHARPTON 2004,P,P40002404
C00385153,SCHRINER PRESIDENTIAL ELECTION COMMITTEE,P,P00003962
C00386631,INHUMANITY CHILD ABUSE CHRISTIANITY CAPITALISM,P,P60004272
C00388512,BUKEWIHGE FOR PRESIDENT,P,
C00395475,MESPLAY FOR PRESIDENT,P,P40003279
C00408948,NCP NEW CENTURY PARTY CAMPAIGN AMERICA GRASS ROOTS PRESIDENTIAL CAMPAIGN COMMITTEE,P,
C00414912,IMPALER FOR PRESIDENT 2012; THE,P,P80002884
C00415554,JOHN W STEVENSON FOR PRESIDENT INC,P,P80002918
C00415679,LAURA DAVIS AARON PRESIDENTAIL COMMITTEE 2008 INC AARON FOR PRESIDENT 2008 INC,P,P80002926
C00416362,DOC RAVEN FOR PRESIDENT IN 2008,P,P60003456
C00417311,HAYWARD FOR PRESIDENT AIDES GENOCIDE DISMANTLING RESEARCH ASSOCIATION PRESIDENTIAL,P,P80002959
C00418566,RUTH BRYANT WHITE FOR PRESIDENT 2008 MORE THAN A WOMAN PRESIDENTIAL CAMPAIGN 2008,P,P80002967
C00421743,SHERRY A MEADOWS FOR PRESIDENT COMMITTEE,P,P80003031
C00423640,PRESIDENT WARREN RODERICK ASHE,P,P00003715
C00426049,COMMITTEE TO ELECT DAVID KOCH PRESIDENT,P,P80003155
C00426064,AMERICAN PARTY; THE,P,P80003148
C00427252,PAUL RUSSELL ROSENBERGER FOR  PRESIDENT USA IN 2000-2016,P,P40003329
C00428417,COMMITTEE TO ELECT JEFF DAVIS PRESIDENT IN 2012,P,P20001921
C00428599,MERCER FOR PRESIDENT,P,P80003205
C00429514,PRESIDENT EMPEROR CAESAR,P,P80003221
C00430504,COMMON MAN PRESIDENTIAL CAMPAIGN,P,P80003270
C00431031,FREDRICK EUGENE OGIN,P,P40000382
C00431155,JOE HONEYCHURCH FOR PRESIDENT,P,P80003346
C00431171,ROMNEY FOR PRESIDENT, INC.,P,P80003353
C00431445,OBAMA FOR AMERICA,P,P80003338
C00431940,MICHAEL SUGERMAN FOR PRESIDENT,P,P80003551
C00431999,JOHN JOSEPH KENNEDY FOR PRESIDENT 2008 (FRIENDS OF JJK),P,P40003519
C00432062,JINGOZIAN FOR PRESIDENT,P,P80003304
C00432070,DANNY HINKLE'S EXPLORATORY COMMITTEE FOR PRESIDENCY,P,P80003619
C00432120,COMMITTEE TO ELECT JAMES C MITCHELL JR PRESIDENT,P,P80003635
C00432138,CLAIRE ELISABETH ELLIOTT IS AMERICA,P,P80003643
C00432179,KOTTO FOR PRESIDENT COMMITTEE,P,P80003700
C00432187,COMMITTEE TO ELECT EAMON CLUNE TO OFFICE OF PRESIDENT OF THE UNITED STATES OF AMERICA,P,P80003718
C00432203,ISABELLE LEE FOR MONROE LEE PRESIDENT 2016,P,P80003734
C00432385,ALEX HUTTON PRESIDENTIAL ELECTION COMMITTEE,P,P80003775
C00432443,LEE EXPLORATORY COMMITTEE,P,P80003791
C00432492,GREG BLACK FOR PRESIDENT COMMITTEE,P,P80003825
C00432716,MICHAEL ARTERBURN FOR PRESIDENT,P,P80003882
C00432740,INTERIGATED REVIVAL AND PARTY OF UNITY,P,P80003890
C00432781,MICHEL POWELL 1 THE ONLY ONE FOR THE JOB,P,P80003916
C00432831,WUENSCHE FOR PRESIDENT INC,P,P80003817
C00432864,ETHICS IN 08 DAN BYRON CANFIELD FOR PRESIDENT,P,P80003841
C00432898,PRATTAS FOR PRESIDENT 2008,P,P00003236
C00433110,VICTOR MCFOY FOR PRESIDENT COMMITTEE,P,P80003940
C00433151,DR GEORGE BAILEY FOR PRESIDENT,P,P80003957
C00433268,MICHAEL FOR PRESIDENT 08,P,P80003973
C00433367,JACK SHEPARD FOR PRESIDENT EXPLORATORY COMMITTEE,P,P80004021
C00433458,REPUBLICAN PRESIDENTIAL STEPHEN D MACMILLAN 2008,P,P80004062
C00433581,COMMITTEE TO ELECT JESUS MUHAMMED PRESIDENT,P,P80004070
C00433623,DAVID FOR PRESIDENT,P,P80004088
C00433631,STANHOPE '08 COMMITTEE,P,P80004096
C00433698,HUBERT BILLY MILES JR UNITY FOR PRESIDENT,P,P80004104
C00433748,WRENDO JOHNSON PERILES GODWIN,P,P80004138
C00434407,RAY 2008 FKA RAY 4 VP RAYMOND LOUIS MCKINNEY,P,P80004203
C00434597,THOMAS FOR PRESIDENT,P,P80004245
C00435172,SPRANKLE FOR PRESIDENT INC,P,P80004302
C00435248,COLONEL SANDERS 2008.COM,P,P80004310
C00435511,MATTHEW JAY BORMAN AMERICANS FOR AMERICA,P,P80004344
C00435644,MARC WOLIN PRESIDENTIAL EXPLORATORY COMMITTEE,P,P80004393
C00435784,COMMITTEE TO ELECT RALPH ROBINSON AS PRESIDENT OF THE UNITED STATES OF AMERICA,P,P80004401
C00435800,BUD RAILEY REPUBLICAN FOR PRESIDENT 2008,P,P80004419
C00436246,PHIL EPSTEIN FOR PRESIDENT,P,P80003585
C00436592,ELIZABETH FROTHINGHAM FOR PRESIDENT INC,P,P80004476
C00436733,POLITICAL HIP-HOP PARTY,P,P80004492
C00436915,HANAGHAN FOR THE HEARTLAND,P,P80004526
C00436956,BILL INGRAM CAMPAIGN COMMITTEE LLC,P,P80004534
C00437012,COMMITTEE TO ELECT THOMAS WAYNE ALLEN FOR PRESIDENT OF THE UNITED STATES ; THE,P,P60003993
C00437194,JOHN SAWYER FOR PRESIDENT,P,P80004542
C00437434,COMMITEE TO ELECT HOWARD MOXHAM FOR PRESIDENT,P,P80004559
C00437632,COMMITTEE TO ELECT ERIC L CREVISTON PRESIDENT OF THE UNITED STATES OF AMERICA,P,P40002651
C00437830,COMMITTEE FOR WILLIAM BURNS AS PRESIDENT 2008, THE,P,P80004583
C00437848,FRIENDS FOR FRANK NETHKEN FOR PRESIDENT,P,P80004609
C00437939,JAMES WRIGHT ELECTION COMMITTEE,P,P80004591
C00438275,ALBERT HOWARD FOR U.S. PRESIDENT 2016,P,
C00438960,WILSON FOR PRESIDENT,P,P80004146
C00439166,REBIRTH,P,P80004849
C00439281,ASSOCIATION OF COMMITTEE OF WEAKER PEOPLE DISADVANTAGE POOR ETAL TO ELECT THE REV DR KAMAL,P,P80004856
C00439356,DONALD R GILLEN FOR PRESIDENT COMMITTEE,P,P80004864
C00439547,FARMER CAMPAIGN; THE,P,P80004823
C00439612,KAT SWIFT FOR PRESIDENT,P,P80004872
C00439737,GREG MARTIN 2012 PRESIDENTIAL CAMPAIGN COMMITTEE,P,P80004732
C00440289,POWER TO THE PEOPLE COMMITTEE - CYNTHIA MCKINNEY FOR PRESIDENT,P,P80004930
C00440396,COMMITTEE TO ELECT MARK SHANE ROBINSON AND GENERAL CLARK,P,P80004948
C00440925,COMMITTEE TO ELECT DA VID PRESIDENT,P,P80004898
C00441998,BILLY MILLS 4 PRESIDENT 2008,P,P80005127
C00442376,JOHN BOOTIE 2008,P,P80005135
C00443267,FARMER JIM FOR PRESIDENT,P,P80005176
C00443416,FRIENDS OF TIMOTHY LEE BEARSON,P,P80005184
C00443754,HOA TRAN FOR US PRESIDENT 2008,P,P80005226
C00444513,RUBY LONA A NEW VISION FOR AMERICANS 2008,P,P80005234
C00445148,GEORGE WASHINGTON WILLIAMS COMMITTEE,P,P80005242
C00445445,DAVIS FOR THE FUTURE,P,P60017282
C00445726,CITY COMMISSION DOCUMENT UNIT,P,P80005325
C00445767,GOD BLESS AMERICA,P,P80003924
C00446021,BRIAN MOORE FOR PRESIDENT COMMITTEE,P,P80005275
C00446161,STAND FOR US PRESIDENT 08,P,P80005317
C00446526,KEN CROSS FOR PRESIDENT,P,P80005366
C00448084,COMMITTEE TO ELECT JESSE JOHNSON,P,P80005390
C00449843,EQUALCRATIC PARTY,P,P80005465
C00450841,BARR 2008 PRESIDENTIAL COMMITTEE,P,P80005580
C00451880,NO TAXES ON EARTH ALFRED PATTERSON FOR PRESIDENT COMMITTEE WRITE IN CANDIDATE,P,
C00451963,BONGARDT FOR PRESIDENT,P,P80005440
C00452185,COMMITTEE TO ELECT THOMAS ROBERT STEVENS PRESIDENT,P,P80005655
C00452532,ALAN KEYES FOR PRESIDENT 2008,P,P60003076
C00452540,REGGIE FOR PRESIDENT,P,P80005689
C00452672,INDEPENDENT NY CLIFTON ROY JOHN LIMER JR,P,P80005697
C00453894,COMMITTEE TO ELECT MICHAEL R REDLICH WRITE-IN CANDIDATE FOR PRESIDENT 2008,P,P80005739
C00455220,JOHN DE NUGENT FOR PRESIDENT,P,P80005754
C00455261,JOY OF AUTHOR ROBERT SHERMAN,P,P80005093
C00456830,BLACK WHITE PARTY JAMES GERMALIC,P,P80005796
C00456848,AMY WYATT FOR PRESIDENT 2008,P,P80005804
C00458844,MARCO RUBIO FOR PRESIDENT,P,P60006723
C00459107,MICHEL POWELL 4 PRESIDENT,P,P80003916
C00460329,GREENSPON 2012 PRESIDENTIAL COMMITTEE,P,P80004351
C00462168,CONSTITUTIONIST FKA WE THE PEOPLE FOR THE PEOPLE VOICE OF AMERICA,P,P80005713
C00462390,007 GO GODWIN COMMITTEE,P,P20001954
C00463463,JEFF BOSS FOR PRESIDENT,P,P80005077
C00463729,ERIT FOR PRESIDENT 2012,P,
C00465443,CAMPAIGN COMMITTEE FOR WHENCE BROWN FOR PRESIDENT FNA GINA MAY ROCHE BROWN,P,P20002002
C00466086,DR. BRIAN ARI COLE 2016 CAMPAIGN FOR U S PRESIDENT; THE,P,P60004785
C00466821,COMMITTEE TO ELECT MICHAEL STOLLAIRE PRESIDENT,P,P20002036
C00467597,RICHARD KLINE FOR PRESIDENT,P,P20002044
C00470864,VOTE GEORGE COOPER INC,P,P20002069
C00471367,HEUPEL FOR PRESIDENT,P,P20002085
C00471417,PAC; THE,P,P20001905
C00484170,PRAETORIAN PARTY; THE,P,P20002192
C00485458,NICKOLAS CUEVAS 2012,P,P80004823
C00485607,TANNER CLINE MCCUMBER BUSH POLITICAL CAMPAIGN FUND,P,P20002226
C00485656,SAVANNAH JEWEL MCCUMBER BUSH POLITICAL CAMPAIGN FUND,P,P20002234
C00486001,GEORGE BAILEY FOR PRESIDENT 2012,P,P80003957
C00486266,PAUL RUSSELL ROSENBERGER PRES USA 2012 TO BUILD A BEAUTIFUL WORLD AT PEACE POLLUTION FREE ,P,P40003329
C00486506,JIMENEZ FOR PRESIDENT 2012,P,P20002242
C00487728,DANY LAPORTE COMMITTEE,P,P20002291
C00488635,FRIENDS OF JAMES GREY 2012,P,P20002317
C00489195,YINKA ABOSEDE ADESHINA,P,P60004793
C00490060,COMMITTEE TO ELECT DAN W ROZELLE PRESIDENT,P,P20002341
C00491035,COMMITTEE TO ELECT R. KENNETH JONES, PRESIDENT OF THE UNITED STATES OF AMERICA ,P,P20002366
C00491399,COMMITTEE TO ELECT JIM RUNDBERG,P,P20002051
C00491498,JOHN R HOELZEL JR FOR PRESIDENT OF THE UNITED STATES,P,P60003571
C00491902,ARAGON FOR PRESIDENT 2012,P,P20002374
C00492017,TUBBS4PRESIDENT2012,P,P20002408
C00492199,PEOPLE FOR DAVID A LARSON,P,P20002416
C00492447,MICHAEL J MANLEY FOR PRESIDENT 2012,P,P20002432
C00492546,DENAME, MICHAEL JR,P,P20002440
C00492603,LEVINSON FOR PRESIDENT 2012,P,
C00492694,RAMOS FOR AMERICA,P,P20002481
C00492744,JOHN DUMMETT FOR PRESIDENT COMMITTEE,P,P20002499
C00492892,TIM KALEMKARIAN P16 COMMITTEE,P,P60003175
C00492942,JIMMY MCMILLAN 2012 COMMITTEE,P,
C00492959,ANDY MARTIN CAMPAIGN COMMITTEE,P,P00003731
C00493973,KEVIN NELSON 2012,P,P20002531
C00494823,JARED BLANKENSHIP FOR PRESIDENT,P,P20002598
C00494963,PAUL CHEHADE NATIONAL ELECTION COMMITTEE,P,P20002580
C00495051,ELMER FUDD FOR GURLEY L MARTIN FOR PRESIDENT,P,P20002622
C00495069,MADAME PRESIDENT TITTLE,P,P20002630
C00495127,JEFF BAREA 4 PREZ,P,P20002689
C00495424,JAMES SHINN FOR PRESIDENT PCC,P,P20002663
C00495606,FRIENDS OF ROY MOORE,P,P20002820
C00495622,GARY JOHNSON 2012 INC,P,P20002671
C00495739,MARK B GRAHAM FOR PRESIDENT 2016,P,P80003544
C00495747,FRIENDS OF JOHN REVELIS FOR PRESIDENT,P,P20002614
C00495788,RONALD DAVID JONES FOR PRESIDENT 2012,P,P20002705
C00495820,RON PAUL 2012 PRESIDENTIAL CAMPAIGN COMMITTEE INC.,P,P80000748
C00495895,HAROLD HEARD FOR PRESIDENT 2012,P,P10000016
C00496034,RICK SANTORUM FOR PRESIDENT, INC. (2012),P,P20002721
C00496067,FRIENDS OF HERMAN CAIN INC,P,P00003608
C00496117,KILGORE COMMITTEE,P,P20002747
C00496497,NEWT 2012,P,P60003654
C00496646,CAMPAIGN CLUB,P,P20002796
C00496976,GOOD GENE EDWARD SCOTT II'S BOBO AND SCOTT'S FAMILY'S HOLLY GROVE ARKANSAS ZIP CODE 72069 ,P,
C00497107,PRATTAS FOR PRESIDENT,P,P00003236
C00497164,EUGENE ROSELL HUNT JR,P,P20002861
C00497354,SOPHIA THE LOGOS,P,P20002937
C00497511,BACHMANN FOR PRESIDENT,P,H6MN06074
C00497552,CPOWERS CAMPAIGN,P,P20002986
C00497636,BYERLEY FOR PRESIDENT COMMITTEE 2012,P,P00002295
C00497735,HARDCASTLE PRESIDENTIAL COMMITTEE,P,P60003027
C00497750,DAVE MONTGOMERY FOR PRESIDENT,P,P20003034
C00497826,FRIENDSOFCRAIGENNIS,P,P20003018
C00498113,PAUL SIMS FOR PRESIDENT,P,P20003075
C00498147,DAVID ROBT FREY,P,P20003083
C00498220,MCCOTTER 2012,P,P20003109
C00498428,KENT L WILLIAMS FOR PRESIDENT,P,P20002283
C00498766,JOHN GREEN FERGUSON FOR USA PRESIDENT 2016,P,P20003141
C00498824,TAMI STAINFIELD FOR PRESIDENT,P,P20003158
C00499194,COMMITTEE TO ELECT LEAH LAX,P,P20003042
C00499681,NO NEED TO DELVE: HOFF FOR PRESIDENT IN TWELVE,P,P80000672
C00499723,DAVID JON SPONHEIM FOR PRESIDENT,P,P20003174
C00499830,AARON LEON AMMANN FOR PRESIDENT,P,P20003182
C00499855,COMMITTEE TO ELECT MAX RIEKSE,P,P20003190
C00500082,SILVIA STAGG FOR PRESIDENT CAMPAIGN COMMITTEE,P,P20003216
C00500231,DOC ADAMS FOR PRESIDENT,P,P20003232
C00500314,HARRY BRAUN FOR PRESIDENT,P,P20003257
C00500587,PERRY FOR PRESIDENT INC,P,P20003281
C00500652,COMMITTEE TO ELECT CHRIS PEDERSEN, THE,P,P20003307
C00500751,R BENEDICT MAYERS FOR PRESIDENT COMMITTEE,P,P20003323
C00500801,RICETOWN ROYAL REPUBLIC,P,P20003315
C00501064,GEORGE RHODES FOR PRESIDENT,P,P20003091
C00501346,WILDMAN FOR PRESIDENT COMMITTEE,P,P40003220
C00501593,CODY ROBERT JUDY FOR PRESIDENT 2012 U S C ELIGIBILITY CAMPAIGN,P,P20003372
C00501726,ROBERT JORDAN FOR PRESIDENT,P,P20003349
C00501874,MICHAEL SLOAN FOR PRESIDENT,P,P20003414
C00502724,RCJPAC,P,P80003783
C00502922,TURNER FOR PRESIDENT,P,P20003588
C00503029,COMMITTEE TO ELECT AURORA LOPEZ FOR PRESIDENT,P,P20003612
C00503532,KELCEY WILSON FOR PRESIDENT,P,P80004146
C00503763,COMMITTEE TO ELECT KARIN L SWANSON FOR PRESIDENT,P,P20003711
C00503771,AVERAGE JOE FOR PRESIDENT JOE STORY, THE,P,P20003653
C00503912,KATHYERN LANE FOR THE PEOPLES PRESIDENT,P,P20003729
C00504118,ROASEAU FOR PRESIDENT,P,P20003695
C00504449,KENNETH GODWIN FOR PREZ,P,P20003745
C00504712,STILL 2012,P,P20003828
C00504878,HOWARDKNEPPER PERSIDENTIAL CAMPAIGN,P,P20003844
C00505040,TIMMY STRICKLAND FOR PRESIDENT,P,P20003604
C00505230,DOC GOULD FOR PRESIDENT,P,P20003893
C00505263,STEWART ALEXANDER FOR PRESIDENT CAMPAIGN COMMITTEE,P,P20003968
C00505271,COMMITTEE FOR MICHAEL LERMAN,P,P20003976
C00505339,TODD RICHARD GLORE FOR PRESIDENT,P,P20003901
C00505347,DR TERRY JONES 2012,P,P20003877
C00505420,COMMITTEE FOR DANIEL J BEJGER PRESIDENT OF THE UNITED STATES,P,P20004008
C00505727,ZUBI DIAMOND U S ECONOMIC RECOVERY CAMPAIGN COMMITTEE,P,P20004016
C00505800,JILL STEIN FOR PRESIDENT,P,P20003984
C00506055,PEOPLE FOR ROBBY WELLS,P,P20004065
C00506071,FRIENDS OF D LOREN JOHNSON SR,P,P20004073
C00506246,VOXXNOVA FOR FRANK WEYER,P,P20004040
C00506337,RELUCTANT PATRIOT DAVID ANDREW CHRISTENSON (TRPDAC); THE,P,P20004081
C00506402,VOTE!  WHEELOCK!  2016,P,P20004099
C00506667,NEW NATIONALIST PARTY, THE,P,P20004131
C00506782,OHARA 2012,P,P20004149
C00506840,JONATHAN AND JOHN LEE FOR PRESIDENT,P,P20004156
C00506873,DEMOCRAT,P,P20004115
C00507020,FINLEY FOR PRESIDENT,P,P20004180
C00507285,COMMITTEE TO ELECT RONALD K HEBERT PRESIDENT,P,P20004230
C00507848,COMMITTEE TO ELECT ADRIENNE HIRSCHFELDER,P,P20004339
C00507947,FRIENDS OF MISS BETSY PAULINE ELGAR COMMITTEE,P,P20003851
C00508564,GREENE FOR OFFICE,P,P20004396
C00508937,LARRY DUDLEY FOR PRESIDENT,P,P20004438
C00509042,BUSSINESS THAT TRAVEL; THE,P,P20004446
C00509414,GREGORY NABEL FOR PRESIDENT ELECTION 2012,P,P20004461
C00509638,JENNIFER NEY FOR PRESIDENT,P,P20004487
C00509943,COMMITTEE TO ELECT SAM SLOAN,P,P20004537
C00510354,COMMITTEE TO ELECT LAURIE ROTH PRESIDENT,P,P20004552
C00510388,HYTECH INC CAMPAIGN 3000 USA INC,P,P20004560
C00510420,CAMPAIGN 3000 USA INC,P,P20004578
C00510610,MISS JOY WAYMIRE 4 PRESIDENT,P,P20004370
C00510628,RUN FOR PRESIDENT UNITED STATE AMERICAN JACOB BAKER,P,P20004586
C00511774,MICHAEL DWAYNE JENKINS PRIORITIES PARTY FOR PRESIDENT OF THE UNITED STATES OF AMERICA,P,P60002086
C00512780,MISSIONARY TRACEY ELAINE BLAIR CAMPAIGN US PRESIDENT ELECTION AS WRITE-IN CANDIDATE,P,P20004610
C00512996,TECHNICIANS NOT POLTICIANS FOR KEVIN WEST FOR PRESIDENT,P,P20004701
C00513267,DR DAMIAN STONE PRESIDENTIAL ELECTION CAMPAIGN COMMITTEE; THE,P,P20004503
C00513275,STEPHEN ROLLINS 2012 PRESIDENTIAL CAMPAIGN COMMITTEE,P,P20004743
C00513283,CARROLL FOR PRESIDENT,P,P20004735
C00513630,DAVID CHRISTOPHER HOLCOMB FOR PRESIDENT OF THE USA 2016,P,P20004719
C00514372,FROM ONE ALIEN TO ANOTHER ALIEN LIL WAYNE DWAYNE MICHAEL CARTER JR PRESIDENT CARTER WILL ,P,P20004768
C00514661,RAPP2012-LANE RAPP FOR PRESIDENT,P,P20004792
C00515536,PRO 2012,P,P20004818
C00515726,JOHN ANSON LEE FOR PRESIDENT COMMITTEE,P,P20004644
C00515734,WILEY DRAKE 4 PRESIDENT,P,P20004834
C00516690,BRANNAN CAMPAIGN,P,P80005341
C00516815,COMMITTEE TO ELECT ANISA ABD EL FATTAH FOR PRESIDENT 2012; THE,P,P20004776
C00516823,PROUD FOR PRESIDENT,P,P20004842
C00517334,DUCEY FOR PRESIDENT,P,P60004033
C00518753,WOLFE 2012,P,P20004875
C00518886,SHARON HARRELL STRATEGIC DEFENCE FUND OR SHARON HARRELL NON PROFIT CORPORATION,P,P00004523
C00520098,WILSA PIVERGER WMDCPINC,P,P20004891
C00520304,ROBERT SANDERA FOR PRESIDENT COMMITTEE,P,P20004909
C00521492,GERARD FOR PRESIDENT COMMITTEE,P,P20004925
C00521898,THIRD TELEPATHIC EFFORT COMMITTEE,P,P20004933
C00525527,EUGENE DYKES CAMPAIGN FUND,P,P20004982
C00526178,LITON MARY SOSA RATY,P,P20005054
C00526475,JACOBSON4PRESIDENT 2016,P,P60004801
C00527630,FRENEMIES OF COLIN TEBERG,P,P20005120
C00531830,RICK ROGERS FOR PRESIDENT 2012,P,
C00532507,REV PAMELA M PINKNEY ETC FOR USA PRESIDENT(ESS) 2012,P,P20005203
C00532663,DOUG SHREFFLER DEMOCRAT AND THE NEXT PRESIDENT OF THE UNITED STATES,P,P20005229
C00532754,JOAN FM MALONE REPRESENTATIVE FOR GOD AND AMERICA,P,
C00536367,JACK FELLURE CAMPAIGN COMMITTEE,P,P20000089
C00536375,MICHAEL KINLAW FOR PRESIDENT,P,P60004819
C00541896,TIM KALEMKARIAN P20 COMMITTEE,P,P60003175
C00542613,JEROBOAN FOR PRESIDENT,P,P60004900
C00545251,SHERLENE IS IT,P,P60004884
C00546424,DR TERRY JONES 2016,P,P20003877
C00547521,PAUL TAPE JR FOR PRESIDENT,P,P60004918
C00548552,COMMITTEE FOR REPUBLICAN PRESIDENTIAL EZEKIEL GEORGE CROTZER,P,P60004934
C00548800,BRIAN RUSSELL FOR PRESIDENT,P,P60004942
C00549923,THOMAS F WINTERBOTTOM FOR PRESIDENT,P,P00003244
C00550061,AMERICAN PEOPLE,P,P20002861
C00550079,EZEKIEL CROTZER REPUBLICAN FOR PRESIDENT,P,P60004934
C00550111,JUNE LLOYD ORGANIZING AMERICA 2016,P,P60004991
C00551994,DAVID HENDRIX FOR PRESIDENT 2016,P,P60005006
C00552059,DILLONOMIC COMMITTEE,P,P60005022
C00552158,BARRY L JOHNSON CTE,P,P60005048
C00552729,MICHAEL W HUBBELL FOR PRESIDENCY,P,P60005071
C00552836,MICHAEL STEINBERG FOR PRESIDENT,P,P60005055
C00553107,JERRY LEONARD CAMPAIGN COMMITTEE,P,P60005089
C00553206,COMMITTEE TO ELECT MICHAEL BICKELMEYER,P,P00004861
C00554790,DUTTER FOR PRESIDENT,P,P60005105
C00554998,NICHOLAS A SOPKOVICH FOR PRESIDENT,P,P60005113
C00556852,JOHNNIE C CAMPBELL,P,P60005147
C00556951,WE THE PEOPLE FOR CLARK 2016,P,P60005154
C00557405,MR PAUL W DEBOW (PCC),P,P60005162
C00557504,REESE PIERLUISI,P,P60005121
C00557744,PAUL CANNADAY COMMITTEE,P,P60005188
C00558999,ELAINE WHIGHAM-WILLIAMS FOR PRESIDENT 2016,P,P60005204
C00559864,TODD RICHARD GLORE FOR US PRESIDENT 2016,P,P20003901
C00560250,GEORGE BAILEY FOR PRESIDENT 2016 INCORPORATION,P,P80003957
C00560318,CITIZENS FOR DORIS WALKER FOR PRESIDENT 2016,P,P60005196
C00560813,COMMITTEE TO ELECT BARTHOLOMEW JAMES LOWER,P,P60005253
C00561613,OLE SAVIOR U.S. PRESIDENTIAL CANDIDATE 2016 REPUBLICAN PARTY GOP,P,P80003239
C00562389,LET US ELECT JAMES T LAW FOR PRESIDENT 2016,P,P60005287
C00562512,PAUL W DEBOW COMMITTEE OF ONE,P,P60005162
C00562637,COMMITTEE TO ELECT SAM SLOAN,P,P20004537
C00562728,KERRY BOWERS FOR PRESIDENT COMMITTEE,P,P60005279
C00563536,FOX FOR PRESIDENT EXPLORATORY COMMITTEE,P,P60005303
C00563908,FIRST LADY PRESIDENT OF THE UNITED STATES,P,P60005329
C00564096,LAST AMERICA,P,P40000820
C00564476,ROGER JEWELL FOR PRESIDENT 2016,P,P60002458
C00564484,FRIENDS OF DANIEL DEAN,P,P40003592
C00564880,AMERICAN PROGRESSIVE (REPUBLICAN),P,P40003584
C00564930,AMERICAN FREEDOM PARTY,P,P40003600
C00565101,GEORGE WASHINGTON POLITICAL PARTY,P,P80004328
C00565267,COMMITTEE TO ELECT STUART ROSS FARBER PRESIDENT OF THE UNITED STATES OF AMERICA,P,P60005352
C00565564,ROLAND MENARD,P,P20004297
C00565754,DEBORAH KIMZEY COMMITTEE TO ELECT,P,
C00565952,COMMITTEE TO ELECT SAMMY M BROWN POTUS 2016,P,P60002771
C00566125,DALE HOINOSKI FOR PRESIDENT 2016,P,P80005101
C00566166,RUBY ADMINISTRATION,P,P60005394
C00566927,ED BAKER FOR PRESIDENT,P,P60005428
C00567578,JEFF BOSS FOR PRESIDENT 2016,P,
C00567743,CHRISTOPHER HILL FOR PRESIDENT,P,P20002838
C00568576,DUMMETT FOR PRESIDENT 2016,P,P20002499
C00568972,NEW WHITE PARTY; THE,P,P60005477
C00569400,DALE CHRISTENSEN 2016,P,P60005501
C00569442,HARLEY BROWN FOR PRESIDENT CAMPAIGN COMMITTEE,P,P00004275
C00569459,PAVILACK FOR US PRESIDENT,P,P60005519
C00569467,SCOTT SMITH FOR PRESIDENT 2016,P,P60005493
C00569780,ALDRIDGE FOR PRESIDENT,P,P60005543
C00569897,UNITED EMRITS OF AMERICA,P,P60005535
C00570077,UNIFIED COMMITTEE FOR SUCH A TIME AS THIS TO ELECT SHELIA MARIAH BOLAR TO THE 2016 US PRES,P,P60005550
C00570127,COMMITTEE TO ELECT JOHN WOOD AKA CONSTITUTIONAL RIGHT BY THE PEOPLE/FOR THE PEOPLE; THE,P,P60005568
C00570184,RICHARD PETER FOR PRESIDENT,P,P60005634
C00570192,MARY AKU QUARTEY ELECTION CAMPAIGN COMMITTEE,P,P60006244
C00570358,COMMITTEE TO ELECT CHARLES P ANDREWS III,P,P60005592
C00570689,BLASS FOR PRESIDENT,P,P60005618
C00570879,MICHAEL PETYO FOR PRESIDENT 2016,P,
C00571224,TOM WELLS LOVING AND OBEDIENT CHILD OF THE LORD GOD,P,P00003160
C00571232,BONPASSE FOR PRESIDENT COMMITTEE,P,P60005642
C00571307,ANDY CAFFREY FOR PRESIDENT COMMITTEE,P,P60005683
C00571471,MARC ALLAN FELDMAN - VOTES NOT FOR SALE,P,P60005725
C00571489,PRESIDENTIAL COMMITTEE BISHOP JULIAN LEWIS JR,P,P60005717
C00571612,TOM IRWIN FOR PRESIDENT,P,P60006210
C00571653,SHOS MUSIC COMMITTEE TO ELECT SHO MUHAMMAD FOR PRESIDENT,P,P60005733
C00572008,HILL FOR PRESIDENT,P,P60005758
C00572032,WILLITA D BUSH FOR PRESIDENT EXPLORATORY COMMITTEE,P,P60005766
C00572065,PUTTING IN FOR PRESIDENT OF THE UNITED STATES LARRY D. SCARBOROUGH,P,P60005774
C00572297,PEOPLES VOICE ELECT RONALD DUKE PRESIDENT,P,P60005782
C00572446,JIM RUNDBERG COMMITTEE FOR ELECTION,P,P20002051
C00572552,THE COMMITTEE FOR CHRISTOPHER DARREN HORN FOR PRESIDENT,P,
C00572636,BILL PRUITT (L-OK) FOR US PRESIDENT,P,P60005824
C00572875,DARWIN REEDY FOR PRESIDENT,P,P60005832
C00573337,COMMITTEE TO ELECT DAVID MD FOR THE PRESIDENT OF THE USA,P,P60005865
C00573519,CARSON AMERICA,P,P60005915
C00573543,SYD BUTTOCKS COMMITTEE; THE,P,P60005931
C00573600,MARTINHAHN-2016,P,P60005949
C00573667,TOOL,P,P60005964
C00573816,MARKFORAMERICA, INC.,P,P60005972
C00573865,COMMITTEE TO ELECT LORI FLEMING FOR PRESIDENT 2016,P,P60005907
C00573907,COMMITTEE TO ELECT BOB MCNEIL,P,P80005762
C00573972,COMMITTEE-TO-ELECT-JAMES-C-MITCHELL-JR-PRESIDENT-16,P,P60006012
C00573998,MARTIN HAHN - 2016 PRESIDENTIAL CAMPAIGN COMMITTEE,P,P60005949
C00574335,JOSEPH EDWARD ANDERSON JR.,P,
C00574582,KENN GIVIDEN/BOB WHITAKER FOR PRESIDENT/VICE PRESIDENT,P,P60006061
C00574624,CRUZ FOR PRESIDENT,P,P60006111
C00574699,BRYAN OLLIVIER FOR PRESIDENT,P,
C00574707,FRIENDS OF LEE RHODES,P,P60006160
C00574855,ROYCE FOR PRESIDENT,P,P60006202
C00574863,TRUE INDEPENDENTS FOR AMERICA.,P,P60006194
C00575001,RAYMOND M. MILLER  PRESIDENTIAL COMMITTEE,P,
C00575019,EDIE FOR PRESIDENT,P,
C00575134,DEAN CAPONE FOR PRESIDENT,P,P60006293
C00575142,PETER BREYFOGLE FOR PRESIDENT,P,P60006319
C00575159,THE COMMITTEE TO ELECT JEFFREY M OLEYAR,P,P60006327
C00575191,RAYMONDPAC,P,P60006731
C00575217,JEFFERSON SHERMAN - PRESIDENT 2016,P,P60005345
C00575225,NOW OUR WAY,P,P60006368
C00575241,PAUL ROSENBERGER AND PRESIDENT UNITED STATES OF AMERICA USC101 A MANS WORD ONE NATION UNDE,P,P40003329
C00575290,COMMITTE TO ELECT DAN TAUS FOR PRESIDENT,P,
C00575308,THE COMMITTEE TO ELECT DAN TAUS PRESIDENT,P,
C00575324,COMMITTEE FOR THE ELECTION OF DONOVAN RAYMOND,P,
C00575357,KAMINSKY 2016,P,P60006418
C00575365,DONALD EUGENE CAMPAIGN FOR PRESIDENT,P,P60006426
C00575407,WILLIAM BURN HOWARD,P,P60006517
C00575449,RAND PAUL FOR PRESIDENT, INC.,P,P40003576
C00575514,NONE,P,P60006475
C00575613,FRIENDS OF GREGORY A FOSTER,P,P60006525
C00575621,CASTLEBERRY NON PROFIT FOUNDATION INC,P,P60006236
C00575647,ELECT OBERN FOR PRESIDENT,P,
C00575670,RYAN PERERA ELECTION COMMITTEE,P,
C00575704,PRAGMATIC PARTY COMMITTEE,P,P60006285
C00575720,SIGSBY, ROBERT WAYNE,P,P60006566
C00575779,DANIEL HOGAN 2016,P,P60006582
C00575787,COMMITTEE TO ELECT ERIC NAGEL,P,P60006632
C00575795,HILLARY FOR AMERICA,P,P00003392
C00575803,INCE FOR PRESIDENT 2016 - RESTORE LIBERTY,P,P60006277
C00575852,COMMITTEE TO ELECT RYAN SHEPARD,P,P60006152
C00575969,COMMITTEE TO ELECT ALAN SPEARS PRESIDENT,P,P60005790
C00576025,(WARREN OWENS) UNCOMMON COMMON MAN,P,P60006772
C00576066,ELECT MERIDI RICHARDSON BOSLEY PRESIDENT,P,
C00576074,DML FOR AMERICA,P,P60006814
C00576165,VANDEWEGE VICTORY COMMITTEE,P,P60006830
C00576447,COMMITTEE TO ELECT RAY UHRIC,P,P60006905
C00576454,NA,P,P60006921
C00576546,COMMITTEE TO ELECT WILLIAM LYNCH PRESIDENT,P,P60006749
C00576553,GEORGE W DIETRICH II FOR PRESIDENT,P,
C00576603,NATURAL BORN CITIZEN PARTY NATIONAL COMMITTEE,P,P60007010
C00576629,DUCKWALD FOR PRESIDENT,P,P60005709
C00576637,JOHN CHESTER FOR PRESIDENT 2016,P,P60006996
C00576645,NICHOLAS EVANS FOR PRESIDENT,P,P60007002
C00576702,EALY FOR EQUALITY,P,
C00576728,BRENDA DAWN JUSTICE,P,P60005261
C00576769,JEROME SINGLETON 2016,P,P60007044
C00576785,LARRY EALY IS TAKING BACK OUR COMMUNITY,P,P60007093
C00576827,BLYTH AMERICA JOHN BLYTH FOR PRESIDENT OF THE UNITED STATES 2016,P,P80003114
C00576835,VOTE LUTZ FOR LIBERTY,P,P60007069
C00576843,PRESIDENT WARREN RODERICK ASHE,P,P00003715
C00576918,WEIL FOR PRESIDENT,P,P60007119
C00576942,CITIZENS FOR A GREATER NATION,P,
C00576967,CITIZENS TO ELECT DANIEL P ZUTLER FOR PRESIDENT,P,P60007143
C00576991,STAGG,P,
C00577023,YOUR CITIZEN PRESIDENT,P,P60006889
C00577106,SOURAYA FAAS FOR PRESIDENT,P,P60007176
C00577130,BERNIE 2016,P,P60007168
C00577312,CARLY FOR PRESIDENT,P,P60007242
C00577403,TONY SMITHERMAN'S AFTER PARTY COMMITTEE,P,P60007259
C00577411,COMMITTEE TO ELECT LLOYD KELSO PRESIDENT,P,P60007267
C00577429,MARTY PIATT FOR U.S. PRESIDENT CAMPAIGN COMMITTEE,P,P60007283
C00577478,LINDA J HART,P,P60007317
C00577486,THE COMMITTEE FOR THE INSTALLATION OF LIMBERBUTT,P,P60007366
C00577551,IN GOD WE TRUST FOR TIMOTHY R FARKAS,P,P60007416
C00577726,RAYMONDPAC.US,P,
C00577742,HEY, JEREMY GABLE IS RUNNING FOR PRESIDENT,P,P00004887
C00577775,JOSEPH ARTHUR STETSON,P,P60007481
C00577783,COMMITTEE TO ELECT BILLY MOORE FOR PRESIDENT,P,P60007473
C00577791,WALLACE 2016,P,P00003897
C00577809,VOTE LARRY DUNCAN FOR PRESIDENT 2016,P,P60006871
C00577817,LYNN S KAHN FOR PRESIDENT 2016,P,P60005808
C00577858,DAVID MILLS 2016,P,P60007499
C00577916,WILLIE WILSON 2016,P,P60007515
C00577932,ARTHUR BROOKS CAPAIGN FOR PRESIDENT, 2016,P,
C00577965,MERRIEL FOR PRESIDENT 2016,P,
C00577981,HUCKABEE FOR PRESIDENT, INC.,P,P80003478
C00578070,POWER FOR THE PEOPLE-DEONIA NEVEU,P,P20002176
C00578088,COMMITTEE TO ELECT MARK SLEGGS,P,P60007531
C00578112,SCROGGIE FOR AMERICA 2016,P,P60007440
C00578138,HILI DIRECTO FOR ARTURO,P,
C00578237,NEVEN GIBBS FOR PRESIDENT,P,
C00578245,PATAKI FOR PRESIDENT INC,P,P60007572
C00578310,HILLARY - MACK LETS - DO - WHAT RIGHT FOR AMERICA,P,P60007580
C00578492,SANTORUM FOR PRESIDENT 2016,P,P20002721
C00578526,THE ENLIGHTENMENT PARTY,P,P60007614
C00578534,BRAUN FOR PRESIDENT,P,P60007630
C00578575,APOCALPSE 2016,P,
C00578591,VOTE FOR MICHELLE "HOPE" WALKER FOR UNITED STATES PRESIDENT 2016,P,P60007655
C00578617,KEYA JERRY FOR PRESIDENT,P,P60007663
C00578641,LESTER SKIP MAUL FOR PRESIDENT 2016,P,P60006913
C00578658,O'MALLEY FOR PRESIDENT,P,P60007671
C00578690,SEAVIEW GROUP LLC,P,P60007689
C00578757,LINDSEY GRAHAM 2016,P,P60007697
C00578815,ANITRA BROWN COMMITTEE,P,P60014560
C00578872,ELIJAH MANLEY FOR PRESIDENT 2016,P,P60007895
C00578930,FORSYTH FOR PRESIDENT,P,P60007739
C00579011,MARK BROOKS,P,P60007762
C00579037,COMMITTEE TO ELECT MORRIS KENT THOMPSON (APAP),P,P60007770
C00579144,POT USOA ; THE,P,P60007788
C00579177,KATT COMMITTEE FOR PRESIDENT,P,P60007804
C00579185,MATTFLORES FOR PRESIDENT,P,P60007846
C00579193,CHAD EUGENE BOISSELLE FOR US PRESIDENT,P,P60007838
C00579276,BRAD WINSLOW FOR PRESIDENT CAMPAIGN COMMITTEE,P,P60007754
C00579284,BROOKS A. CULLISON FOR PRESIDENT COMMITTEE,P,P60007903
C00579326,PRO AMERICA STERLING4PRESIDENT,P,P60007929
C00579334,K. ROSS NEWLAND FOR PRESIDENT,P,P60007937
C00579409,RESTORING THE AMERICAN DREAM - SPENCE SNYDER,P,P60007184
C00579417,YOUNG 4 PRESIDENT,P,P60008026
C00579441,MICHAEL CASTILLEJOS FOR PRESIDENT,P,P60008042
C00579458,JEB 2016, INC.,P,P60008059
C00579565,COMMITTEE TO ELECT PHIL CORNELL - PRESIDENT,P,P60008125
C00579581,JAMESCASEYCOLLINSGETNIT,P,P60008133
C00579607,TAMEIKA HAWKINS,P,P60008679
C00579615,NEIL GRIMALDI FOR US PRESIDENT,P,P60008158
C00579631,MY HILARY 2016,P,P60008166
C00579672,J. LEE STEVENS FOR PRESIDENT,P,P60008141
C00579698,KENNY RODEO ELECTION COMMITTEE,P,P60007887
C00579706,CHAFEE 2016,P,P60008075
C00579714,ELECT CYNTHIA BARRIMOND,P,
C00579748,ROSEANNE & JAN THE TEAM WITH A PLAN,P,
C00579805,GOFUNDME,P,P60007101
C00579839,DEMOCRATS FOR REPUBLICAN VIRGINIA STATE SEN EMMETT W HANGER JR FOR US PRESIDENT,P,P60008265
C00579847,GERALD JOHN JENNINGS II FOR PRESIDENT,P,P60008299
C00579953,MICHEL ANISSA POWELL THE ONLY ONE FOR THE JOB 2016 PRESIDENCY AND BEYOND,P,P80003916
C00579961,TRUITT FOR PRESIDENT 2016 COMMITTEE,P,P60007820
C00579987,QUANCIDINE FOR PRESIDENT,P,P60008323
C00579995,CIOTTI FOR POTUS,P,P60008331
C00580035,ANDREW ROSENBAUM FOR POTUS,P,P60008349
C00580050,I LIKE ISAAC IKE VEGA,P,P60008364
C00580100,DONALD J. TRUMP FOR PRESIDENT, INC.,P,P80001571
C00580159,JINDAL FOR PRESIDENT,P,P60008398
C00580167,DAVID S WESSON,P,P60008414
C00580175,MICHELE ANN JONES TOUCHETTGESS FOR PRESIDENT COMMITTEE,P,P60008430
C00580183,PATRICIA STEVENS,P,P60008463
C00580209,KELLEY B RAINEY,P,P60008471
C00580274,JAMES RAY MARTIN,P,P60008505
C00580332,MIKE WILEY LIBERTARIAN FOR PRESIDENT 2016,P,P60008513
C00580399,CHRIS CHRISTIE FOR PRESIDENT INC,P,P60008521
C00580407,THE FRIENDS OF MR. JAMES JEROME BELL FOR PRESIDENT,P,P60007523
C00580449,BARRIX FOR AMERICA,P,
C00580456,COMMITEE FOR COMMON SENSE TO ELECT DAVID LARM,P,P60007978
C00580480,SCOTT WALKER INC,P,P60006046
C00580514,PRESIDENTIAL DRAFT COMMITTEE FOR ROBBIE HOFFMAN 2016,P,P60008257
C00580530,COSTELLO FOR PRESIDENT, INC.,P,P60008489
C00580548,BENJAMIN FOR PRESIDENT,P,P60008562
C00580605,COMMITTEE TO ELECT COLTON UNDEN,P,P60008604
C00580639,RLEE GROUP 2016 FAIR SHKE PARTY,P,P60008620
C00580720,URYAN NELSON 2016,P,P60008661
C00580860,CAROL TORKKO FOR US PRESIDENT COMMITTEE,P,P60008729
C00580944,TURK'S ULTRA PATRIOTIC ACTION COMMITTEE,P,P60008745
C00580985,HART IN 2016,P,P60008760
C00581009,ISIS ELIJAH,P,P60008786
C00581082,ROGER JEWELL FOR LIBERTARIAN PRESIDENT 2016,P,P60002458
C00581199,JILL STEIN FOR PRESIDENT,P,P20003984
C00581215,WEBB 2016,P,P60008885
C00581264,OLIVEREZ FOR PRESIDENT,P,P60008687
C00581355,EURTON FOR PRESIDENT 2016,P,P60008596
C00581363,INDEPENDENT AMERICAN FRANK S HUBER II FOR PRESIDENT COMMITTEE,P,P60008901
C00581389,ART DREW FOR PRESIDENT,P,P60008919
C00581405,ANDY MARTIN FOR AMERICA,P,P60008943
C00581553,KDWEINER,  SPECIAL  COUNSEL: 311357-01,P,P60008117
C00581579,KWAME "MAYOR" BOATENG FOR PRESIDENT OF UNITED STATES 2016,P,P60008851
C00581603,FRIENDS OF BOB LEONARD PRIBBLE II FOR PRESIDENT,P,P60009073
C00581629,COMMITTEE TO ELECT BOB,P,P60009081
C00581736,TRUTH,P,P60009107
C00581801,NO BULL COMMITTEE,P,
C00581850,#SAMX2016,P,P60009149
C00581876,KASICH FOR AMERICA,P,P60003670
C00581900,T BEN SMITH FOR PRESIDENT,P,P60009180
C00582023,STAN WARNER FOR PRESIDENT,P,P60009214
C00582098,DOUGLAS DUKE,P,P60007309
C00582106,ADAMS & ADAMS (FOR J. LYNN ADAMS),P,P60009008
C00582197,ERWIN FOR PRESIDENT,P,P60009230
C00582205,JESUS PARTY; THE,P,P60007788
C00582346,VOTE FOR DAVE,P,P60009305
C00582361,EAMON MCKEEVER FOR PRESIDENT, INC.,P,P60009313
C00582411,STAR LOCKE HEADQUARTERS,P,P80004989
C00582445,N/A - NO CAMPAIGN CONTRIBUTIONS SOLICITED,P,P60009347
C00582452,WARREN FOR PRESIDENT 16,P,P60009354
C00582577,CORNELUIS MATHEWS FOR PRESIDENT 2016,P,P60009123
C00582627,COMMITTEE TO ELECT DAVE SARTIN,P,P60009172
C00582668,GILMORE FOR AMERICA LLC,P,P80003379
C00582825,EDEN 2016,P,P60009495
C00582833,SOLUTIONATORS FOR EDEN 2016,P,P60009495
C00582874,RHETT R SMITH FOR PRESIDENT,P,P80004641
C00582908,RICH FOR PRESIDENT 2016,P,P60009537
C00582916,THE BULL MOOSE PARTY RICES,P,P60009545
C00582932,THE PEOPLE FOR DUSTIN BAIRD FOR PRESIDENT OF THE UNITED STATES,P,P60009602
C00583047,BRIGGS CAMPAIGN,P,P60009644
C00583070,PATRICK OCKANDER. DEFENDING OUR CONSTITUTION AND RESTORING THE POWER TO THE PEOPLE,P,P60009651
C00583179,THE CHIVALRY PARTY,P,P80004690
C00583237,MARFASH,P,P60009693
C00583245,STEPHEN L. RUSH NAT'L EXPLORATORY CMTE,P,P40003626
C00583286,FARNELL CAMPAIGN COMMITTEE,P,P60009735
C00583328,PRINCESS OAWLAWOLWAOL FOR PRESIDENT,P,P60009750
C00583542,COMMITTEE TO ELECT PETER MESSINA FOR PRESIDENT OF THE UNITED STATES; THE,P,P60009859
C00583591,PEOPLE'S PARTY FOR PAUL PRESTE; THE,P,P60012325
C00583633,COMMITTEE TO ELECT ABRAHAM ISRAEL; THE,P,P60009834
C00583674,COMMITTEE TO ELECT LAWSON PRESIDENT 2016,P,P20003950
C00583716,DONALD TRUMP ORGANIZATION,P,
C00583724,GEBY E ESPINOSA ORGANIZATION,P,P60009958
C00583740,SMITH SERVANT COMMITTEE,P,P60009966
C00583757,QUINN FOR AMERICA,P,P60010303
C00583765,UNITED STATES MEME PARTY,P,P60009990
C00583773,KRISTOPHER GUTIERREZ,P,P60010006
C00583807,NUMBER1HUSTLER,P,P60010071
C00583815,TIMOTHY STANG 4 PREZ,P,P60010196
C00583831,CITIZENS FOR LOGIC AND REASON,P,P60010212
C00583849,SIN,P,P60010246
C00583856,HARRISON COLE FOR 2016 PRESIDENT,P,
C00583864,JASON EDDY FOR PRESIDENT 2016,P,P60010337
C00583906,REAL CHANGE,P,P60010469
C00583922,OSCAR FOR AMERICA COMMITTEE,P,
C00583930,THE COMMITTEE TO ELECT MARKY FOR PREZ,P,P60010600
C00583948,MAXIMUS VAN ORDEN,P,P60010642
C00583955,CLYDE CRATCH FOR PRESIDENT,P,P60010634
C00583963,THE COALITION TO ELECT MICHAEL SIMMONS,P,P60010402
C00583989,WILLIAM GOODMAN THINKS HALLOWEEN IS BETTER THAN CHRISTMAS,P,P60010675
C00583997,FILES FOR AMERICA,P,
C00584003,THE COMMITTEE TO ELECT RANDALL BIZZLE PRESIDENT OF THE U.S.A.,P,P60010717
C00584011,FOR THE PEOPLE,P,P60010618
C00584029,BUTT STUFF 2016,P,P60010691
C00584037,DEMOCRATIC COMMITEE,P,P60010741
C00584045,VOTE BAIN,P,P60010774
C00584052,LUTHOR FOR PRESIDENT 2016,P,P60010832
C00584060,NED DONOVAN FOR A BETTER AMERICA,P,P60010824
C00584078,AYY PEPE LMAO,P,P40003634
C00584086,AYYLMAO FOR PRESIDENT,P,P40003634
C00584094,BENJAMIN MARKGRAF 420 FUNDRAISING ACTION PRESIDENTIAL ELECTION COMMITTEE,P,P60010899
C00584102,THE 36 CHAMBERS,P,P60010931
C00584110,NYC COFFEE PARTY,P,P60010956
C00584128,CRUNCH 2016,P,P60010949
C00584144,CAM DADDY,P,P60010980
C00584169,BECAUSE THE INTERNET PAC,P,P60011103
C00584177,FATLIJAH FOR PRESIDENT,P,P60011160
C00584185,AIDAN FOR AMERICA,P,P60011194
C00584201,PURKAPLE FOR PRES. 2032,P,P20005310
C00584219,BEARS COMITTEE,P,P60011269
C00584227,ROCKY BALBOA RUNNING, TO THE SOUND OF HIS THEME SONG, FOR PRES. 2016,P,P60011012
C00584235,JOHN MCCARTHY FOR PRESIDENT,P,P60011293
C00584243,LEDNOVICH FOR PRESIDENT (LFP),P,P60011244
C00584250,BHG2016,P,P60013042
C00584292,JOSH FOR PRESIDENT,P,P60011129
C00584326,LANINE WILSON,P,P60011475
C00584334,LE MEME PARTY,P,P60011483
C00584342,TOMMY TURNER FOR PRESIDENT,P,P60011509
C00584359,JOEY BERRY FOR PRESIDENT,P,P60011517
C00584375,COMMITTEE TO ELECT SAMUEL,P,P60011558
C00584409,MIKE MAGOLNICK 2016,P,P60011616
C00584417,JOHN ANDERSON,P,P60011632
C00584425,SEAN BURNS 2016,P,P60011640
C00584433,VOTE KRYSTAL FOR UNITY,P,P60011657
C00584441,NORMAN DUTRA CARES,P,P60011681
C00584458,MARK A HOUSTON,P,
C00584466,LEGALIZATION OF DANK MAYMAYS,P,P60011731
C00584474,ANDREW SIMMONS,P,P60011723
C00584490,SAM REISBORD FOR PRESIDENT 2016,P,P60011855
C00584508,COMMITTEE FOR THE COLONIZATION OF AMERICA,P,
C00584516,MICHAEL DAUB FOR PRESIDENT,P,P60011905
C00584532,WHAT ARE THOSE FOR PRESIDENT 2016,P,P60011913
C00584540,THE COOKIE CULT OF AMERICA,P,P60011988
C00584557,BEETS INTERNATIONAL,P,P60012010
C00584565,ANONYMOUS CYBORG OCCUPYING US PRESIDENCY,P,P60012051
C00584573,WHAT ARE THOOOOOOOOOOOSE,P,
C00584581,JEDI COUNCIL,P,P60012085
C00584607,ED FOR PRESIDENT,P,P60012150
C00584623,KEREENYAGA YAZID FOR PRESIDENT 2016,P,
C00584631,COMMITTEE TO RESTORE AMERICA TO POWER,P,P60012192
C00584656,KOLD C.A.S.H GOVERNMENT.,P,P60012242
C00584664,PARADISE COMMITTE,P,P60012267
C00584672,NY HAITIAN STUDENT ALLIANCE,P,P60012283
C00584680,AUSTIN COX FOR PRESIDENT,P,P60012291
C00584714,CAMP PAC,P,P60012309
C00584771,GOD OUR FATHER, JESUS OUR LORD, MINISTRIES,P,P20000444
C00584789,HEAVEN HAMMURABI,P,P60012366
C00584813,DEEZ NUTS FOR PRESIDENT 2016,P,P60009198
C00584821,CRANKY FOR PRESIDENT 2016,P,P60012432
C00584862,PERICOLO FOR PRESIDENT,P,P60012473
C00584870,WOW SUCH PRESIDENT WILL DO STUFF, DOGE 2016,P,P60012275
C00584888,REV. KYLE FOR PRESIDENT 2016,P,P60012549
C00584896,COMMITTEE TO ELECT DANA HOLLIDAY - PSYCHIC PRESIDENT,P,P60012556
C00584904,AMERICANS FOR COMMON SENSE,P,P60012598
C00584920,ZACK SHUTT FOR PRESIDENT, INC.,P,P60012630
C00584953,PAULTESENY2016,P,P60012754
C00584987,CONNOR AND BILLY,P,P60012812
C00584995,ROGER FOR PREZ,P,
C00585018,EVENS ROMAIN,P,
C00585026,IMPERIAL REPLUBICAN COMMITTEE TO ELECT MICHAEL D ELDER,P,P60012887
C00585034,TAXMAN FOR PRESIDENT,P,P60012952
C00585042,PETER FOR PRESIDENT,P,P60012960
C00585067,HIPHOP FOR PRESIDENT,P,P60014271
C00585075,SHARK JUMPERS FOR FYL FRAZEE,P,P60013034
C00585091,SINGLETON FOR PRESIDENT,P,P20002101
C00585117,HAPPY LAUGHTERSON'S MERRY BAND OF UNICORNS FOR STENTOR DANIELSON,P,P60013158
C00585133,ELECT SOCIALISM, ELECT HARMER,P,P60013208
C00585141,MOONEY NOW,P,P60013232
C00585158,COLEEN BUSH,P,P60013265
C00585174,PIRTLE OF PRESIDENT,P,P60013299
C00585182,COMMITTEE TO ELECT BRYAN DENTON,P,P60013331
C00585208,WARSAW PAC,P,P60013364
C00585232,GROVES FOR PRESIDENT,P,P60013372
C00585240,GRAYSON FOR PRESIDENT,P,P60013398
C00585281,THE COOPTASTIC COMMITTEE,P,P60013463
C00585299,JOHN EXLEY IN 2016 SBB,P,P60013471
C00585315,MATTHEW HUTCHINSON FOR PRESIDENT,P,P60013513
C00585349,COMMITTE TO MAKE PEPE THE RAREST,P,P60013547
C00585356,BIN LIFTIN FOR PRESIDENT 2016,P,P60013380
C00585364,ERIE COUNTY,P,P60013562
C00585372,DEENDADISDIC,P,
C00585414,CHELENIE?S SELF,P,P60013620
C00585422,BIN LIFTIN FOR PRESIDENT,P,
C00585489,CHRISTOPHER SIERRA,P,
C00585513,ELWOOD FOR PRESIDENT 2016,P,P60013950
C00585521,MEL STEF FOR PRESIDENT 2016,P,P60013968
C00585539,AMOROSO, JACOB PATRICK,P,P60013984
C00585570,FRIENDS OF SHEWBERT FOR PRESIDENT,P,P60014024
C00585588,'MURICAN MOUSE CAMPAIGN,P,P60014032
C00585604,COMMITTEE TO ELECT ERIC KOST FOR PRESIDENT OF THE US OF AMERICA,P,P60014073
C00585620,COMMITTEE TO ELECT KEVIN EVANS PRESIDENT,P,P60014115
C00585646,MINO BANG,P,
C00585703,RYAN SMITH FOR PRESIDENT 2016,P,P60014198
C00585729,DAKODA FOXX,P,P00004911
C00585786,THE JAMES FOUNDATION,P,P60014347
C00585802,COMMITTEE TO ELECT STEPHEN B COMLEY SR FOR PRESIDENT,P,P60014396
C00585851,PHILL FOR AMERICA,P,P60014461
C00585869,AAAAAAA,P,P60014446
C00585877,AMERICA FOR PHILL,P,P60014461
C00585935,TANNER FOR PRESIDENT,P,P60014503
C00585984,BANNERMAN FOR PRESIDENT,P,P60012788
C00585992,GREEN NORTHCUTT FOR PRESIDENT,P,P60014594
C00586024,THE COMMITTEE FOR NORMAL POLITICS,P,P60014610
C00586040,SAMUEL FALDRAGA FOR 2016,P,
C00586057,PETER W. SHERRILL SECURING AMERICA,P,
C00586081,COMMITTEE OF LIBERTY,P,
C00586107,MICHELLE PAMPINO,P,
C00586123,DR PEPPER,P,P60014693
C00586149,DRAFT COMMITTEE OF ANDREW NOBLE HUGGINS,P,
C00586156,EVERDEEN 2016,P,
C00586164,NOMORECPD 2016 PRESIDENTIAL CAMPAIGN COMMITTEE,P,
C00586172,JESUS FOR PRESIDENT CAMPAIGN COMMITEE,P,P60014768
C00586198,COMMITTEE TO ELECT ANDREW DONELSON,P,P60014784
C00586206,DAVID REED CORNERSTONE CAMPAIGN COMMITTEE,P,P60009164
C00586214,ROBINSON FOR PRESIDENT LLC,P,P60014909
C00586297,MMMM DAT ASS ELECTION COMMITTEE,P,P60014818
C00586305,LIBERTY JUSTICE & ASSOCIATES,P,P60014826
C00586313,FRATERNAL ASSOCIATION NUESTRA DYNASTIA,P,P60015047
C00586321,PARKER BARO FOR PRESIDENCY CAMPAIGN COMMITTEE,P,P60014834
C00586339,CAPTAIN JEFF FOR PRESIDENT OF THE UNITED STATES,P,P60014842
C00586347,SILLY PARTY OF AMERICA,P,P60014867
C00586388,2020 VISION FOR AMERICA,P,P40002446
C00586404,JOHNSON PENDLETON FRIENDS,P,P60015013
C00586420,ADAM CRAIG BAXTER FOR PRESIDENT 2016,P,P60015021
C00586545,THE TERMINATOR PULAK CAMPAIGN,P,P60015088
C00586586,ROBERT TODD QUINCEL SR FOR PRESIDENT,P,P60015112
C00586594,CELESTINO CHORA,P,
C00586677,ANIK FOR PRESIDENT,P,P60015245
C00586784,JERRY TOPICZ,P,P60015302
C00586792,JOE CANADA,P,P60015310
C00586800,COMMITTEE TO ELECT UGLY NATION,P,P60015328
C00586875,KENNEDY K. BROWN PRESIDENTIAL COMMITTEE,P,P60015336
C00586909,ROBERT MANIS  FOR PRESIDENT  2016,P,P60013604
C00586933,COMMITTEE TO ELECT ANDREW D. BASIAGO,P,P60015351
C00586941,MR F CHARLES ADAM FIECHTNER SR,P,P60015369
C00586966,THE GHOST OF MACHO MAN RANDY SAVAGE,P,P60015385
C00586974,MICHAEL FIEDLER FOR THE FINAL PRESIDENT,P,P60015377
C00586990,BATTALION OF BADASSERY,P,P60015401
C00587089,COMMITTEE TO ELECT JAMES RODRIGUEZ FOR PRESIDENT,P,P60015435
C00587121,STEVENSON FOR PRESIDENT 2032,P,P20005336
C00587162,MILLIE HOWARD FOR PRESIDENT 2016,P,P20000550
C00587204,THE LION PRIDE,P,P60015690
C00587238,GARY HINKLE FOR PRESIDENT,P,P60015534
C00587246,JAVIER,P,
C00587253,COMMITTEE TO ELECT LORD WEENUR,P,
C00587295,MISFITS OF ABSENCE KOGNITIVE CREATIONS,P,P60015583
C00587311,ROBERT D MCGEE FOR PRESIDENT,P,P60015591
C00587394,JOE BRITT JR 2016 PRESIDENTIAL "WHAT IF?" CAMPAIGN COMMITTEE,P,P60009206
C00587402,DR BEEBE FOR PRESIDENT,P,P60015609
C00587410,DEVIN GRAY PRESIDENTIAL FUND,P,
C00587428,LEADERSHIP PAC'',P,P60015617
C00587485,ARI ZOLDAN FOR PRESIDENT OF THE UNITED STATES,P,
C00587493,JAMES A. LIBBY FOR PRESIDENT,P,P60012762
C00587535,STEPHEN PATTERSON,P,P60008695
C00587550,CHUCK LYNCH CAMPAIGN COMMITTEE,P,P60015716
C00587568,ONEILL FOR PRESIDENT - ONEILL FOR AMERICA,P,P60015740
C00587642,DEVON MANELSKI FOR PRESIDENT IN 2016 INC,P,P60015773
C00587675,COMMITTEE TO ELECT CURTIS ELMORE,P,P60015799
C00587725,ELVIS BUBBA JONES ORGANISATION,P,P60015617
C00587758,AMERICANS FOR DAVID LIBRACE FOR PRESIDENT 2016,P,P60008638
C00587808,DEMOCRATIC REPUBLIC PARTY,P,
C00587816,DEEZ NUTS 2016,P,P60009198
C00587857,COMMITTEE TO ELECT DEVIN HUMPHREYS PRESIDENT OF THE UNITED STATES,P,
C00587915,TOMMY FOR PRESIDENT,P,P60015922
C00587949,THE EBY FOUNDATION,P,P60015971
C00587956,PRESIDENT SERINO 2016,P,P60015997
C00587980,ANONYMOUS GROUP OF CONSERVATION FOR FREEDOM COMMITTEE,P,P60016037
C00587998,COMMITTEE FOR BAILEY FOR PRESIDENT; THE,P,P60016029
C00588004,COMMITTEE FOR CRAZY CAT LADIES; THE,P,P60016045
C00588012,COMMITTEE FOR MORE TAX FOR LESS PEOPLE; THE,P,P60016060
C00588020,COMMITTEE FOR A BETTER FUTURE; THE,P,P60016052
C00588038,COMMITTEE OF A BETTER GUARDIAN; THE,P,P60016078
C00588046,COMMITTEE OF VANS; THE,P,P60016086
C00588053,COMMITTEE OF FREEDOM BOOTY"S; THE,P,P60016094
C00588061,COMMITTEE OF ANARCHY AND EASY MAC,P,P60016110
C00588079,COMMITTEE OF KYRSTIN; THE,P,P60016102
C00588087,COMMITTEE OF SAMANTHA AND FREEDOM; THE,P,P60016128
C00588095,COMMITTEE OF MAKING AMERICA UNITED AGAIN; THE,P,P60016136
C00588103,SNOW WHITES ANIMALS,P,P60016144
C00588111,FRENCH UNIVERSAL COMMITTEE OF KENTUCKY,P,P60016151
C00588129,COMMITTEE OF HERMES THE DEER,P,P60016169
C00588137,PENS NOT PENCILS COMMITTEE,P,P60016177
C00588145,COMMITTEE OF TIARA; THE,P,P60016193
C00588160,COMMITTEE OF ANTHONY CATE; THE,P,P60016185
C00588178,COMMITTEE OF HELLBOY; THE,P,P60016201
C00588186,COMMITEE FOR A BETTER NATION; THE,P,P60016219
C00588194,COMMITTEE FOR THE IMPROVEMENT OF AMERICA TODAY; THE,P,P60016227
C00588202,COMMITTEE OF TROY POLOMALU COMMERCIALS; THE,P,P60016235
C00588210,PEACE & HARMONY,P,P60016243
C00588228,COMMITTEE FOR NERDS EVERYWHERE (BOOKS ARE BEAUTLFUL); THE,P,P60016250
C00588236,COMMITTEE OF DAT A$$; THE,P,P60016268
C00588269,CONSTITUTIONAL CONSERVATIVE PARTY,P,P60016300
C00588293,PRESIDENT KOPITKE 2016 COMMITTEE,P,P60015419
C00588327,CHRISTOPHER HURLEY FOR PRESIDENT,P,P00004929
C00588343,FAHL SAFE POLITICAL ACTION COMMITTEE LLC,P,P60015526
C00588426,ROCKY 2016 LLC,P,P60016342
C00588442,LEFT SHARK FOR PRESIDENT 2016,P,P60016359
C00588541,KITTING ELECTION COMMITTEE,P,P60016383
C00588574,LUKEPALMIERI2016,P,P60012119
C00588590,ROBERT BRUCE TRACY FOR PRESIDENT CAMPAIGN COMMITTEE,P,P60015757
C00588616,DG4P.ORG,P,
C00588665,HELP OUR MILITARY VETERANS AND JUVENILES THOMAS FRODELLA FOR PRESIDENT,P,
C00588731,JANE DOE FOR PRESIDENT 2016 CAMPAIGN COMMITTEE,P,
C00588798,JULIUS E. MOGYOROSSY FOR PRESIDENT,P,P60016482
C00588830,HALE USA COMMITTEE,P,P60016508
C00588848,SIMS4PRES.NET CANDIDATE GREGORY EVANS SIMS,P,P80005838
C00588913,COMMITTEE TO ELECT JOHN FITZGERALD JOHNSON,P,P60012234
C00588988,COMMITTEE TO ELECT REV MICHAEL W SCRUGGS AS PRESIDENT OF THE UNITED STATES OF AMERICA,P,P60008067
C00589002,HEARTDOC ANDREW STOPS THE OLIGARCHY - ACCEPT/USE NO MONEY FOR CAMPAIGNING,P,P60012697
C00589069,DANIEL ISLER FOR PRESIDENT,P,P40003642
C00589127,ARRON RUDEEN FOR PRESIDENT,P,P60016409
C00589143,ANDREW MAO PAC,P,P60016714
C00589150,TIM HOTOP,P,P60016722
C00589168,COMMITTEE TO ELECT MARGARET SCHWEIGERT FOR PRESIDENT,P,P60016292
C00589242,YOUTH ACTION PAC,P,P60007895
C00589291,COMMITTEE TO ELECT TONY LOUP,P,
C00589457,JIMMY MCMILLAN IN 2016,P,P60016805
C00589465,JUSTICE FOR ALL JFA,P,P60003688
C00589697,VOTE SANTA 2016,P,P60016904
C00589705,DAVID JACKSON EPLEY,P,P60016912
C00589762,PRAG FOR PRESIDENT,P,P60016920
C00589812,DANNY WAYNE MARTIN,P,P60016946
C00590000,LA RIVA FOR PRESIDENT 2016 SOCIALISM AND LIBERATION CAMPAIGN,P,P80005572
C00590042,DAVE WEBBER FOR AMERICA,P,P60016458
C00590083,JOHN SCHIESS FOR US PRESIDENT,P,P60005170
C00590109,STEPHEN MARKS FOR PRESIDENT,P,P60017027
C00590232,MATTHEW MARTOWSKA FOR PRESIDENT,P,P60017092
C00590273,VALENTINE FOR PRESIDENT CAMPAIGN COMMITTEE,P,P60017100
C00590281,CYNTHIA T. CAVAZOS PRESIDENTIAL CAMPAIGN COMMITTEE,P,P60017290
C00590323,BRIAN TOPPING FOR PRESIDENT,P,P60017142
C00590497,THE FORCE,P,P60017167
C00590505,VETERANS WHO SEEK CHANGE!,P,P60017183
C00590521,LA RESA EDWARDS PEACEMAKER FOR PRESIDENT,P,P60017217
C00590539,LILPUP 2016,P,
C00590554,AMERICANS FOR SCOTT COPELAND USA,P,P60007457
C00590596,DR. JEKYLL FOR AMERICA,P,P60017266
C00590612,VOTE DENISE BEDIO,P,P60017241
C00590653,PAIJ BORING PRESIDENTIAL COMMITTEE,P,P60016888
C00590679,KALE 2016,P,P60017308
C00590687,THE COUNCIL,P,P60017324
C00590737,MASSCENTRAL FOR PAUL,P,P60017373
C00590794,THE DR. MARK THOMAS MATOUSEK FOR PRESIDENT COMMITTEE,P,P60017399
C00590844,ROCKY FOR AMERICA,P,P60009875
C00590992,BRUCE D BONGARDT - SOLUTIONEER,P,P60017480
C00591016,MONTAIGNE,P,P60017506
C00591081,NOLAN FOR PRESIDENT,P,P60017548
C00591180,HOWITT FOR PRESIDENT,P,P00004945
C00591255,COPS4WALKER EXPOSING FEC UNION KICKBACKS TO COVER-UP CHONG KISIAH ASSASSINATION,P,P60014537
C00591396,BILL KREML FOR PRESIDENT COMMITTEE,P,P40000564
C00591438,STRUGGLE IS REAL; THE,P,P60014933
C00591487,IT'S BROWN FOR AMERICA,P,P60017605
C00591529,JIM LYNCH FOR PRESIDENT INC,P,P60017423
C00591545,RICE, BEANS, AND SUSHI, AND TORTILLAS,P,P60017613
C00591560,MORISSON FOR PRESIDENT 2016,P,P60017662
C00591578,STEWART FOR LIBERTY,P,
C00591677,COMMITTEE TO ELECT HERB STEPHENS PRESIDENT OF THE UNITED STATES,P,P60017696
C00591693,CONSTITUTIONAL COMMITTEE,P,P60017704
C00591818,DJ ULTRAPERVERT FOR PRESIDENT 2016,P,P60017761
C00591941,GREUTER,P,P60017860
C00592105,FRANK LYNCH 2016 INC,P,P80004567
C00592121,ROBERT LAWRENCE MANN,P,P60017928
C00592352,DAVID E HALL CAMPAIGN COMMITTEE,P,P60017688
C00592394,DAN SZATHMARY FOR PRESIDENT,P,P60017985
C00592402,PRESIDENTHUEYIN2016,P,P60017845
C00592410,ROBERT SHRUM FOR PRESIDENT,P,P60017993
C00592444,BILLY KNAUB FREEDOM->------------>END BAR EXAM TYRANY / -----+REDUCE LEGAL COSTS IN A ___WALMART / ===,P,P60017498
C00592626,HENRY HEWES 2016 COMMITTEE,P,P80004765
C00592642,CJ JACKSON FOR PRESIDENT 2016,P,P60017977
C00592782,COLIN DOYLE FOR PRESIDENT 2016 CAMPAIGN COMMITTEE,P,P60018132
C00592790,PETERSEN FOR PRESIDENT 2016 LLC,P,P60017563
C00592824,WOLFE FOR PRESIDENT,P,
C00592907,DAVID DREW KNIGHT 2016,P,P60018231
C00593004,WE THE PEOPLE REFORM COALITION,P,P60018272
C00593152,VOTE JIM NASH,P,P60018280
C00593178,NEOTHINK,P,P60017456
C00593236,EDWARD WHANG / NOT SURE,P,P60018298
C00593269,PEOPLE FOR J.R.MYERS,P,P60018165
C00593277,ELECT DOUG BUTLER PRESIDENT,P,P60018306
C00593533,GLASGOW CAMPAIGN COMMITTEE,P,P60018371
C00593541,JOHN ROY 4 PRESIDENT,P,P60018389
C00594556,OATMAN FOR PRESIDENT,P,P60006608
C00594580,GUS WILLIAMS 2016,P,P60018264
C00594598,DAKOTA COURTOIS FOR PRESIDENT,P,P60018421
C00595173,NATIONAL CAMPAIGN COMMITTEE FOR CLIFTON ROBERTS FOR PRESIDENT 2016,P,P60017852
C00595736,THE COMMITTEE TO MAKE THE REPUBLICAN PARTY GREAT AGAIN,P,P60018488
C00596809,JOHN MORRISSEY FOR PRESIDENT,P,P60018496
C00596908,ROBOTECHNOLOGY INC C.R.,P,P60018504
C00596924,SHANNON HAZZARD FOR PRESIDENT,P,P60018314
C00596965,ARTHUR M. HARRIS PRESIDENTIAL COMMITTEE,P,P60018520
C00596981,JEREMY SAGARIBAY'S LLAMA SQUAD,P,P60018538
C00597047,COMMITTEE TO ELECT DENNY C. JACKSON FOR PRESIDENT,P,P60018611
C00598219,ELECT SCHRUTE 2016,P,P60012010
C00599100,FRIENDS OF TOM DEMARCO,P,P60018462
C00599415,CHRISTIN POWERS CAMPAIGN,P,P60018678
C00599423,IWACHIW4PRESIDENT INC,P,P00004846
C00599910,BARBINE WORLDWIDE,P,P60018702
C00599936,EMIDIO SOLTYSIK FOR PRESIDENT 2016,P,P60018017
C00600908,ELECTORAL COLLEGE FOR ROGER JEWELL 2015,P,P60002458
C00600924,SEDINAM KINAMO CHRISTIN MOYOWASIFZA CURRY,P,P60018801
C00600957,COMMITTEE TO ELECT FELIX TSE; BILINGUAL SQUARE INC.,P,P60018827
C00601591,AJ DAVID SUPERPAC,P,P60018843
C00602631,MCAFEE '16,P,P60014776
C00602680,CHRISTINA GERASIMOS BILLINGS-ELIAS COMMITTEE FOR PRESIDENT 2016,P,P80004120
C00602730,WE THE PEOPLE,P,P60018918
C00602961,WHITEFEATHER RUNNING FOR THE OFFICE OF THE PRESIDENT OF THE UNITED STATES 2016,P,P60018942
C00603035,ANDREW NIKLAWSKI FOR PRESIDENT OF THE UNITED STATES,P,P60018983
C00603340,DIANE NERO,P,
C00603357,COMMITTEE TO ELECT PAUL ALLEN SUDDUTH II,P,P60019072
C00603399,LETS FIX AMERICA FIX AMERICA FIRST,P,P60019080
C00603613,LAIO MORRIS FOR PRESIDENT,P,P60019114
C00604181,PATER PARTY,P,P60019148
C00604413,DANNY ZELAYA FOR PRESIDENT,P,P60019403
C00605501,NAYLOR INDEPENDENT,P,P60019213
C00605568,GARY JOHNSON 2016,P,P20002671
C00605964,BENSTRO AND MATEO FOR PRESIDENT AND VICE PRESIDENT 2016,P,P60019262
C00606491,PLEASE VOTE EMILIO FOR PRESIDENT,P,P60019296
C00606830,THE PAUL R ADAMS FOR AMERICA COMMITTEE,P,P60019304
C00606889,ALLTOSS,P,H6CA00170
C00606913,ALYSSA DARA MCDOWELL FOR PRESIDENT,P,P60019130
C00606988,JACOB FAMILONI FOR PRESIDENT,P,P60019361
C00607077,CHARLES JUNIOR HODGE RUNNING FOR PRESIDENT 2016,P,P60005584
C00607085,CALVIS L HAWES,P,P60019106
C00607150,BOB WHITAKER FOR PRESIDENT,P,P60009933
C00607580,DEPEW FOR PRESIDENT,P,P60019437
C00607598,LUTHER T. THE MERCILESS WARLORD STOCK CAMPAIGN COMMITTEE,P,P60019445
C00607614,POE ACTION COMMITTEE,P,P60019478
C00607788,WORKERS WORLD PARTY 2016 PRESIDENTIAL CAMPAIGN COMMITTEE,P,P60004405
C00607911,CARTOLA FC(TOPHAT FC),P,P60019544
C00608018,THE COMMITTEE FOR JOSEPH BRIAN FRANZE,P,P60019593
C00608117,VOTE ORNELAS,P,
C00608190,KRIS RAFF 4 PREZ,P,P60019619
C00608208,WADE COMMITEE,P,P60019635
C00608653,JEFF GEORGE FOR PRESIDENT,P,P60019668
C00608679,ANT LUCK FOR PRESIDENT,P,P60019650
C00608752,WE THE PEOPLE.,P,P60019676
C00608794,BARZIE/MUDKIP COMMITTEE,P,P60019692
C00608893,DUNBARS HOT WATER COMMITTEE,P,P60019718
C00608992,LOSEOFIT LOSEOFIT,P,
C00609271,HOSANNA GRAY-HILL+POWELL DEVINE ORDER WAY CAMPAIGN FOR THE YEAR PRESIDENCY OF THE USA,P,P60019841
C00609487,NEO-NATZI BURGS,P,P60019189
C00609503,THOMAS "P" CLEMENTS PRESIDENT,P,P60019890
C00609578,GEIGER FOR PRESIDENT,P,P60020278
C00609628,MARY THOMAS,P,P60019940
C00609685,FREE WORLD PARTY,P,P60019965
C00609693,JAMES T LAW FOR A NEW AND BETTER AMERICA 2016,P,P60005287
C00609818,HOPKINS FOR AMERICA,P,P60019973
C00609982,HYDROX FOR PRESIDENT,P,P60020005
C00610014,WHY NOT FINN,P,P60019783
C00610196,GABRIEL VAN DUREN,P,P60020047
C00610352,DE BOER FOR PRESIDENT,P,
C00610469,JOSHUA J GOELLNER COMMITTEE,P,P60020088
C00610659,JESUS CHRIST FOR CURTIS WOOLSEY FOR PRESIDENT,P,P60018900
C00610725,CHAD WOODARD FOR PRESIDENT,P,P60018363
C00610733,PLOEGER FOR PRESIDENT,P,P60020179
C00610741,FOCUS ON AMERICA: CALDWELL IN 2016,P,P60020187
C00610774,NUFFIN MUFFIN,P,P60020229
C00610824,NEW HOPE MYPAC,P,P60018553
C00610865,CROSSROADS CREATIVE, LLC,P,P60020252
C00611038,GOD,P,P60019759
C00611095,SMITH FOR AMERICA,P,P60018769
C00611228,PEACE PARTY COMMITTEE FOR ELECTION OF PRESIDENT,P,P60020377
C00611277,CHRIS MITRO BORED ON LUNCH COMMITTEE OF AWESOMNESS,P,P60020385
C00611392,AMERICAN PEOPLES PARTY FOR THE ELECTION OF ED MACY,P,P60020427
C00611426,BIGGWATT FOR PRESIDENT,P,P60020435
C00611616,WYSINGER WAKEUP WISE UP RISE UP CAMPAIGN COMMITTEE,P,P60020484
C00611723,KRISH ANGRA 2016,P,P60020112
C00611822,RELUCTANT PATRIOT DAVID ANDREW CHRISTENSON (RPDAC),P,P20004081
C00611863,COMMITTEE TO ELECT LEAL GADA WILLIAMS PRESIDENT OF USA,P,
C00611954,CANDIDATE COMMITTEE,P,P60020294
C00612051,NEW FUTURE FOR MATTHEW KALUS THALER,P,H8MD00039
C00612077,JOSEPH MALDONADO PRESIDENTIAL CAMPAIGN FUND,P,P60018249
C00612119,CRUZ INFO PRESIDENT,P,P60006111
C00612150,DEMOCRATS FOR MATTHEW KALUS THALER,P,
C00612275,WW MOOREHEAD-LILLY PRESIDENTIAL CAMPAIGN COMMITTEE,P,P60004405
C00612333,THE PEOPLE FOR MR.POTATO,P,P60020609
C00612598,HEIDI ZEMAN FOR PRESIDENT 2016,P,P60020369
C00612937,FUCHASHEMA ME,P,P60020732
C00613034,2020 DRAFT GAVIN NEWSOM FOR PRESIDENT COMMITTEE PAC OPEN PRIMARY BALLOT FUNDAMENTAL REFORM,P,
C00613109,KEV4PREZ2016,P,P60020765
C00613257,COMMITTEE TO ELECT MICHAEL IAFRATO,P,
C00613505,GRILL PARTY NON-SOLICITATION COMMITTEE,P,P60020724
C00613554,ANDYABLO2016,P,P60020690
C00613570,KENNETH ALVAREZ FOR PRESIDENT 2016,P,P60020815
C00613596,MIKE THOLKEN WILSON PRESIDENT OF THE UNITED STATES,P,
C00613604,PATRIOTS FOR MATTHEW KALUS THALER,P,
C00613687,KEENAN DUNHAM FOR PRESIDENT 2016,P,P60020831
C00613828,ASIAN FOUNDATION,P,
C00613901,MICHAEL SHANNON FOR PRESIDENT,P,P60020948
C00614107,MARK-CHRISTIAN ANTHONY AUBIN,P,P60020906
C00614123,MARK FOR THE NEXT GENERATION LLC.,P,P60020906
C00614131,ROBERT J ARENA PRESIDENTAL COMMITTEE,P,P60020898
C00614404,MIKE SMITH FOR PRESIDENT,P,P60020781
C00614461,REGGIE FOR PRESIDENT,P,P80005689
C00614479,RESSA FOR AMERICA,P,
C00614727,PRESIDENTIAL CANDIDATE 2016,P,P60020963
C00614750,ERIC KOELLNER FOR PRESIDENT,P,P60020997
